barcode,cluster
AAACAAGTATCTCCCA-1,8
AAACACCAATAACTGC-1,5
AAACAGAGCGACTCCT-1,0
AAACAGCTTTCAGAAG-1,9
AAACAGGGTCTATATT-1,5
AAACATTTCCCGGATT-1,1
AAACCACTACACAGAT-1,0
AAACCCGAACGAAATC-1,8
AAACCGGAAATGTTAA-1,8
AAACCGGGTAGGTACC-1,4
AAACCGTTCGTCCAGG-1,5
AAACCTAAGCAGCCGG-1,1
AAACCTCATGAAGTTG-1,3
AAACGAAGAACATACC-1,2
AAACGACAGTCTTGCC-1,0
AAACGAGACGGTTGAT-1,6
AAACGCCCGAGATCGG-1,0
AAACGCTGGGCACGAC-1,1
AAACGGGCGTACGGGT-1,1
AAACGGTTGCGAACTG-1,1
AAACGTGTTCGCCCTA-1,0
AAACTAACGTGGCGAC-1,0
AAACTCGGTTCGCAAT-1,1
AAACTCGTGATATAAG-1,0
AAACTGCTGGCTCCAA-1,7
AAACTTAATTGCACGC-1,7
AAACTTGCAAACGTAT-1,7
AAAGAATGTGGACTAA-1,1
AAAGACATGAAGTTTA-1,0
AAAGACCCAAGTCGCG-1,2
AAAGACTGGGCGCTTT-1,3
AAAGCTTGCCTACATA-1,6
AAAGGCCCTATAATAC-1,5
AAAGGCTACGGACCAT-1,5
AAAGGCTCTCGCGCCG-1,7
AAAGGGATGTAGCAAG-1,2
AAAGGGCAGCTTGAAT-1,3
AAAGGTAAGCTGTACC-1,6
AAAGGTCAACGACATG-1,0
AAAGTAGCATTGCTCA-1,5
AAAGTCACTGATGTAA-1,2
AAAGTCGACCCTCAGT-1,3
AAAGTGCCATCAATTA-1,1
AAAGTGTGATTTATCT-1,8
AAAGTTGACTCCCGTA-1,8
AAATAACCATACGGGA-1,6
AAATAAGGTAGTGCCC-1,2
AAATACCTATAAGCAT-1,7
AAATAGCTTAGACTTT-1,4
AAATCACTCCTAAACG-1,2
AAATCCGATACACGCC-1,1
AAATCTAGCCCTGCTA-1,9
AAATCTGCCCGCGTCC-1,11
AAATGATTCGATCAGC-1,0
AAATGCTCGTTACGTT-1,3
AAATGGCATGTCTTGT-1,2
AAATGGCCCGTGCCCT-1,5
AAATGGTCAATGTGCC-1,4
AAATGTATCTTATCCC-1,4
AAATTAACGGGTAGCT-1,4
AAATTAATAAGCGCGA-1,3
AAATTACACGACTCTG-1,0
AAATTACCTATCGATG-1,2
AAATTCCAGGTCCAAA-1,8
AAATTGATAGTCCTTT-1,7
AAATTGGTGAGAAGCA-1,0
AAATTTACCGAAATCC-1,0
AAATTTGCGGGTGTGG-1,5
AACAACTGGTAGTTGC-1,3
AACAATACATTGTCGA-1,1
AACAATTACTCTACGC-1,3
AACACACGCTCGCCGC-1,9
AACACGACTGTACTGA-1,2
AACACGAGACGCGGCC-1,7
AACAGCTGTGTGGCAA-1,7
AACAGGAAATCGAATA-1,2
AACAGGATGGGCCGCG-1,4
AACAGGTAGTATGGAT-1,8
AACATATCAACTGGTG-1,6
AACATCGATACGTCTA-1,0
AACATTGAAGTTGATC-1,10
AACATTGTGACTCGAG-1,10
AACCAAGACTTCTCTG-1,4
AACCAGTATCACTCTT-1,0
AACCATAGGGTTGAAC-1,7
AACCATGGGATCGCTA-1,6
AACCCAGAGACGGAGA-1,6
AACCCATCCCATGATC-1,7
AACCCGACAACCCGTG-1,10
AACCCGAGCAGAATCG-1,1
AACCCGATAGGGCTTC-1,0
AACCCTACTGTCAATA-1,9
AACCCTGGTGGAACCA-1,2
AACCGAGCTTGGTCAT-1,2
AACCGCTAAGGGATGC-1,9
AACCGTTGTGTTTGCT-1,2
AACCTAAAGCCGTCCG-1,6
AACCTCGCTTTAGCCC-1,1
AACCTGTCACGGAATT-1,8
AACCTTTAAATACGGT-1,10
AACCTTTACGACGTCT-1,0
AACGAAAGTCGTCCCA-1,9
AACGACCTCCTAGCCG-1,1
AACGATAATGCCGTAG-1,1
AACGATAGAAGGGCCG-1,6
AACGATATGTCAACTG-1,2
AACGCATGATCTGGGT-1,0
AACGCGACCTTGGGCG-1,10
AACGCGGTCTCCAGCC-1,2
AACGCTGTTGCTGAAA-1,9
AACGGCCATCTCCGGT-1,5
AACGTACTGTGGGTAC-1,5
AACGTCAGACTAGTGG-1,4
AACGTCGCTGCACTTC-1,1
AACGTGATGAAGGACA-1,0
AACGTGCGAAAGTCTC-1,9
AACGTTATCAGCACCT-1,3
AACGTTCTACCATTGT-1,1
AACTACCCGTTTGTCA-1,8
AACTAGCGTATCGCAC-1,6
AACTAGGCTTGGGTGT-1,3
AACTCAAGTTAATTGC-1,3
AACTCCAGAGCGTGTT-1,1
AACTCCTAATCCCATG-1,0
AACTCGATGGCGCAGT-1,4
AACTCTCAATAGAGCG-1,6
AACTCTCAGTGTGCTC-1,7
AACTGAGGTCAGCGTC-1,0
AACTGAGTTATACTGA-1,8
AACTGATATTAGGCCT-1,0
AACTGGGTCCCGACGT-1,2
AACTGGGTTCGAGCCG-1,0
AACTGGTGTGGGCCTT-1,2
AACTTCTGCGTCTATC-1,3
AACTTGCCCGTATGCA-1,3
AACTTGCGTTCTCGCG-1,4
AACTTTACGGGAGCTT-1,3
AACTTTAGCTGCTGAG-1,0
AACTTTCTCGATCATG-1,0
AAGAAAGTTTGATGGG-1,10
AAGAAATCACCAGATT-1,0
AAGAAGGATCAGTTAG-1,6
AAGACATACGTGGTTT-1,1
AAGACCCAACTGAACA-1,5
AAGACTCACGCCCACT-1,2
AAGACTGCAAGCTACT-1,9
AAGAGATGAATCGGTA-1,3
AAGAGCTCTTTATCGG-1,6
AAGAGGATGTACGCGA-1,3
AAGAGGCATGGATCGC-1,6
AAGAGGCCCTTTGGAA-1,1
AAGATGGCACCGGACC-1,5
AAGATTGGCGGAACGT-1,2
AAGCACCCTGCGTATC-1,1
AAGCATACTCTCCTGA-1,1
AAGCCACTTGCAGGTA-1,10
AAGCCGAAGCGGTTTA-1,8
AAGCCGCCGTGAAATC-1,7
AAGCCGCTTTACCTTG-1,0
AAGCCGGAGAGCAGGA-1,1
AAGCGCAGGGCTTTGA-1,1
AAGCGGAGTGCGCGCA-1,0
AAGCGGCGTCATGGGT-1,0
AAGCGTCCCTCATCGA-1,5
AAGCTAGATCGAGTAA-1,7
AAGCTCGTGCCAAGTC-1,9
AAGGAGAACTTATAAG-1,0
AAGGAGCGGTTGGTGC-1,3
AAGGATCGATCGCTTG-1,4
AAGGATGAGGGACCTC-1,2
AAGGCAGGCTGTCTCC-1,4
AAGGCGCGTAAAGCTT-1,3
AAGGCTGTGCTCATCG-1,4
AAGGGAACGACTGGCT-1,5
AAGGGACAGATTCTGT-1,6
AAGGGACTATGCATTC-1,7
AAGGGTTAGCCATGCG-1,1
AAGGTATCCTAATATA-1,0
AAGGTGATAAACCAGC-1,9
AAGTAGAAGACCGGGT-1,2
AAGTAGTGACGCGAGG-1,4
AAGTCAATTGTCGTCA-1,8
AAGTCTAGTAGCTGCC-1,0
AAGTCTTCTGTGGCCT-1,7
AAGTGACGACCGAATT-1,4
AAGTGCAAAGGTAGAC-1,3
AAGTGCCTTGACTGTA-1,4
AAGTGCGTTAGAATCT-1,7
AAGTGCTTCTCTATTG-1,10
AAGTGTTTGGAGACGG-1,9
AAGTTCAGTCTGCGTA-1,0
AAGTTCGGCCAACAGG-1,5
AAGTTGTGATGTTATA-1,1
AAGTTTACTAATGGCA-1,2
AAGTTTATGGGCCCAA-1,1
AATAACAACGCTCGGC-1,3
AATAACACTAGAACAA-1,5
AATAACGTCGCGCCCA-1,1
AATAAGTCCTCGAGAC-1,0
AATAATCTTCGTATCG-1,8
AATACAATGTTTCAGG-1,3
AATACCGGAGGGCTGT-1,10
AATAGAACAGAGTGGC-1,7
AATAGAATCTGTTTCA-1,9
AATAGCAAGCCTCCTG-1,0
AATAGCTACCGCGTGC-1,0
AATAGGCACGACCCTT-1,10
AATAGTCGCGAGTCGG-1,4
AATATCAAGGTCGGAT-1,2
AATATCCTAGCAAACT-1,11
AATATCGAATCAATGC-1,8
AATATCGAGGGTTCTC-1,2
AATATTGGAGTATTGA-1,3
AATCAGGTTTCATTTA-1,10
AATCCAAGGGCCTGAG-1,2
AATCGCCTCAGCGCCA-1,8
AATCGCGCAGAGGACT-1,8
AATCGGGACACTACGA-1,0
AATCGGTATAGCCCTC-1,1
AATCGTGAGCCGAGCA-1,1
AATCTAGGTTTACTTG-1,5
AATCTATGCCGGAGCC-1,0
AATCTCTACTGTGGTT-1,4
AATCTGCGTTGGGACG-1,6
AATCTGGCTTTCTAGT-1,5
AATCTGGGTAGACCCT-1,2
AATGACAGCAATGTCT-1,5
AATGACGTAGGATGTC-1,9
AATGACTGTCAGCCGG-1,3
AATGAGTTCGCATATG-1,4
AATGATGATACGCTAT-1,2
AATGATGCGACTCCTG-1,0
AATGCAACCGGGTACC-1,2
AATGCACCAAGCAATG-1,0
AATGGCCGCCAATGCG-1,0
AATGGTCCACCGTTCA-1,3
AATGGTTCTCACAAGC-1,2
AATGTATGGCACTGTA-1,7
AATGTGCCCGAGGTGT-1,7
AATGTGCTAATCTGAG-1,10
AATGTTGTCGTGAGAC-1,1
AATTAAAGGTCGGCGT-1,5
AATTAACGGATTTCCA-1,1
AATTAGCGCTGCAGCG-1,1
AATTCATAAGGGATCT-1,2
AATTCCAAGCATGTAC-1,1
AATTCGATTCGAGGAT-1,10
AATTCTAGAGTTAGGC-1,5
AATTGAACGCTCTGGT-1,9
AATTGCAGCAATCGAC-1,1
AATTGCGTGGATTACA-1,11
AATTGTGGTTGCCAAA-1,1
AATTTGGGACATAGTA-1,0
AATTTGGTTCCAAAGA-1,6
ACAAACCATGCGTCCT-1,11
ACAAACCGACAAGGCG-1,2
ACAAAGAAGGTAGGCC-1,9
ACAAAGCATGACCTAG-1,1
ACAAATGGTAGTGTTT-1,9
ACAAATTCAGATCTGA-1,0
ACAACAGCATGAGCTA-1,6
ACAACGGTCCCTGCGA-1,3
ACAAGCAGTGCCTAGC-1,4
ACAAGCTATATGGAAG-1,3
ACAAGGAAATCCGCCC-1,9
ACAAGGACAAGAGGTT-1,3
ACAAGGATGCTTTAGG-1,1
ACAAGGCCTACCAGCC-1,0
ACAAGGGCAGGCTCTG-1,9
ACAAGTAATTGTAAGG-1,10
ACAATAGTCGTACGTT-1,4
ACAATCCATTTAAACC-1,3
ACAATCGATCTTTATA-1,2
ACAATGAATACGGAGA-1,7
ACAATGATTCTTCTAC-1,0
ACAATTGTGTCTCTTT-1,9
ACAATTTAGGAGGCTC-1,3
ACAATTTGAGCAGTGG-1,4
ACAATTTGGCCATATT-1,8
ACACAAAGACGGGTGG-1,2
ACACAAATATTCCTAG-1,0
ACACACCAGGACCAGT-1,9
ACACACTTTCTACACG-1,0
ACACATGATCAAATCT-1,11
ACACCACATAATTAGC-1,6
ACACCCAGCATGCAGC-1,6
ACACCCGAGAAATCCG-1,2
ACACCCGTAAATCTGT-1,0
ACACCGAGCGCTCTTT-1,6
ACACCGGTCTGACCGC-1,11
ACACCTTAAGTAGGGC-1,3
ACACCTTACTACTTGC-1,8
ACACGAGACTCCTTCT-1,6
ACACGGCACTATGCAT-1,2
ACACGGGAACTTAGGG-1,2
ACACGTAGGCCACAAG-1,1
ACACTCCAATGTCACT-1,3
ACACTGATCAAGGTGT-1,5
ACACTGGGACAGTCGT-1,1
ACAGAACTGAGAACAA-1,7
ACAGATTAGGTTAGTG-1,2
ACAGCATAGAGCCAGT-1,0
ACAGCGACATTCTCAT-1,1
ACAGCGCACCCGCAGC-1,0
ACAGGCACGGATCCTT-1,1
ACAGGCTTGCCCGACT-1,9
ACAGGTGGAGGTGAGG-1,5
ACAGGTGTGTTGTTGC-1,7
ACAGTAATACAACTTG-1,5
ACAGTATACCGTGGGA-1,0
ACAGTGCAGCGCATTT-1,0
ACATAATAAGGCGGTG-1,2
ACATCAGCTGGGACGC-1,3
ACATCCCGGCCATACG-1,7
ACATCCTGGTAACTGT-1,8
ACATCGATCGTTTACC-1,3
ACATCGCAATATTCGG-1,10
ACATCGGTCAGCCGCG-1,3
ACATCGTATGCAATGG-1,9
ACATCGTTAACCTAGT-1,0
ACATCTCAACGCGTAA-1,2
ACATGCTTACGGCAGC-1,10
ACATGGCGCCAAAGTA-1,8
ACATTAGTTTATATCC-1,1
ACATTCGCGCGGAATA-1,10
ACATTTGAAACCTAAC-1,1
ACCAAACACCCAGCGA-1,0
ACCAAACTAGAAATCC-1,2
ACCAACACCACACACT-1,0
ACCAACCGCACTCCAC-1,1
ACCAACGCTTATTTAT-1,5
ACCAAGAACGCGTGTC-1,2
ACCAAGTCATCGGCAG-1,1
ACCACAACTCAGAACA-1,2
ACCACAAGTTTCTATC-1,4
ACCACCAATGTAACAA-1,4
ACCACCCTCTCTTCTA-1,0
ACCACGTGCAGCTATA-1,9
ACCAGACCATAACAAC-1,4
ACCAGCCCGGTCTTTG-1,0
ACCAGGAGTGTGATCT-1,2
ACCAGTGCCCGGTCAA-1,0
ACCAGTGCGGGAGACG-1,9
ACCATATCCGCAATAA-1,3
ACCATCCGCCAACTAG-1,7
ACCATCGTATATGGTA-1,3
ACCCAACGCCCGTGGC-1,6
ACCCACCTACATGCTC-1,3
ACCCATCTTGAGGGTA-1,4
ACCCATTTGTCCCTCT-1,1
ACCCGAGCGAAATTAC-1,10
ACCCGATTGGTTCCGA-1,10
ACCCGGAAACTCCCAG-1,1
ACCCGGAGCACCACAA-1,1
ACCCGGATGACGCATC-1,4
ACCCGGTTACACTTCC-1,5
ACCCGTAGCAGAGAAT-1,1
ACCCGTAGTCTAGTTG-1,1
ACCCTATAGGACTGAG-1,2
ACCCTATGCCATATCG-1,5
ACCCTCCCGTCAGGGC-1,1
ACCCTCCCTTGCTATT-1,9
ACCCTGGTAACGCCCT-1,0
ACCCTTCATCTGCGAA-1,2
ACCCTTGCCTGGGTCG-1,0
ACCCTTTAGTTCTCCA-1,0
ACCGAAAGGGCCCTGC-1,2
ACCGAAGAGTCTGGTT-1,5
ACCGACACATCTCCCA-1,10
ACCGACTGAGTCCCAC-1,2
ACCGAGTCTCCTTATT-1,1
ACCGATAGGCATAACC-1,1
ACCGATATTTAATCAT-1,8
ACCGATGGTAGCATCG-1,4
ACCGCAATAACTGCCT-1,9
ACCGCGGTGGAAGTCG-1,4
ACCGCTAGTCATTGGT-1,10
ACCGGGCCTTTGTTGA-1,8
ACCGGTCAGGTACACC-1,11
ACCGGTCTGAGTACGG-1,6
ACCGTGACCACGTGGG-1,1
ACCGTTCCCGCTCTGA-1,0
ACCTAAGTACCTTTCA-1,5
ACCTAATCGACTTCCT-1,2
ACCTACAGTATGTGGT-1,8
ACCTACTATAAATCTA-1,1
ACCTCCGTTATTCACC-1,6
ACCTCGAACTTATGCT-1,11
ACCTGCGTGTCATGTT-1,5
ACGAAATGGGCGGCAC-1,4
ACGACCCATGAGTTGC-1,1
ACGACTCTAGGGCCGA-1,10
ACGACTGGTCATACTC-1,10
ACGAGAACCCATCACG-1,2
ACGAGATATTTGCTTA-1,0
ACGAGGATACCACTCT-1,5
ACGAGGTTTACAACGT-1,5
ACGAGTACGGATGCCC-1,6
ACGATACATAGAACTA-1,6
ACGATACCTATCCTGA-1,3
ACGATCATACATAGAG-1,2
ACGATCATCTTGTAAA-1,4
ACGATGCATATGTTAT-1,3
ACGATGGATCCGATGC-1,0
ACGCAAACTAATAGAT-1,5
ACGCAATCACTACAGC-1,0
ACGCATAAATGACATG-1,0
ACGCATACGTTTACTA-1,9
ACGCATTCGTGAGTAC-1,4
ACGCCAGATGATTTCT-1,0
ACGCCAGTGCGTTTGC-1,1
ACGCCCAGCTGTCGAT-1,0
ACGCCGCTAGACGACC-1,9
ACGCGAAGTCAGACGA-1,5
ACGCGCTACACAGGGT-1,3
ACGCGGGCCAAGGACA-1,4
ACGCGTTTCTTAAGAG-1,4
ACGCTACTGAATGGGC-1,1
ACGCTAGTATCAGTGC-1,0
ACGCTAGTGATACACT-1,6
ACGCTGTGAGGCGTAG-1,3
ACGCTTAGTGTCTCTC-1,0
ACGGAACACGAGTGCC-1,1
ACGGAATTTAGCAAAT-1,2
ACGGACGCAGCGACAA-1,10
ACGGACTCTCAAAGCG-1,1
ACGGAGCGCAAATTAC-1,0
ACGGCACTTGCTTGGG-1,7
ACGGCCAACATGGACT-1,5
ACGGCGACGATGGGAA-1,9
ACGGCTGGATGTAGAA-1,11
ACGGGAGTGTCGGCCC-1,7
ACGGGCGTATGCGACA-1,2
ACGGGTCATGTGACTT-1,2
ACGGGTTGTGACCTGT-1,5
ACGGTACAGTTCAATG-1,1
ACGGTCACCGAGAACA-1,7
ACGTACAGATTTCTCT-1,6
ACGTACTTTGGCACGG-1,10
ACGTAGATTGCTGATG-1,6
ACGTAGGAGAGTCGCT-1,1
ACGTATTACTCCGATC-1,8
ACGTCGGGCAACTCGG-1,11
ACGTCTCGTTCCGGGA-1,9
ACGTGACAAAGTAAGT-1,7
ACGTGCGCCTCGTGCA-1,6
ACGTGGTCGAATGTGC-1,2
ACGTTAATGTCGAAGA-1,9
ACGTTAGATTTGCCCG-1,3
ACGTTATTGGTCACTC-1,3
ACGTTCCGCGCTCCGT-1,0
ACGTTCGCAATCAATT-1,6
ACGTTCTGTACAAGTC-1,1
ACGTTGTCGTTGAAAG-1,10
ACGTTTAGTTGTGATC-1,2
ACGTTTCGGTGCACTT-1,1
ACTAAGGACGCACACC-1,0
ACTAATACGTCAGGCG-1,0
ACTACAAAGAGAGGTG-1,10
ACTACATCCCGACAAG-1,11
ACTACCAGCTCTCTGG-1,3
ACTACCATCCGAGGGC-1,10
ACTACGCGTTAGAATT-1,5
ACTAGTTGCGATCGTC-1,9
ACTATATGCTGTGTTC-1,0
ACTATCCAGGGCATGG-1,4
ACTATCTGCCCGCGTA-1,9
ACTATGTCCAGCTGCC-1,11
ACTATTCGTCCGTGGT-1,0
ACTATTTCCGGGCCCA-1,5
ACTCAACGAATGTATT-1,2
ACTCAATAAAGGCACG-1,0
ACTCAGACCTGCTTCT-1,2
ACTCATGGCAGCCTTC-1,5
ACTCCAATATCATCAT-1,7
ACTCCCATTCCTAAAG-1,7
ACTCCCGAATTCGTTT-1,3
ACTCCCGTAGACTAGG-1,0
ACTCCCTAATGCTAAA-1,10
ACTCCCTAGAATAGTA-1,7
ACTCCGGCCGACCACT-1,1
ACTCGATGTATTTCAT-1,6
ACTCGCCGTTCGATAA-1,1
ACTCGCGATCTGACGC-1,8
ACTCGTAACCCGTCCT-1,7
ACTCGTCAGTAATCCC-1,8
ACTCTAAACCTGGGAT-1,4
ACTCTCTGACTTAGGT-1,8
ACTCTCTTATACACGA-1,0
ACTCTGACCTAATAGA-1,1
ACTCTTCAGCTCCCGC-1,8
ACTCTTGTATAGTAAC-1,9
ACTGAAACGCCGTTAG-1,9
ACTGAATGGCGAAAGT-1,9
ACTGATTTAGTGATTC-1,2
ACTGCCCGCCATTCTC-1,10
ACTGCCGTCGTAACTC-1,6
ACTGCGGACACACCGT-1,8
ACTGCTCGGAAGGATG-1,7
ACTGGCGAACCTGCGT-1,0
ACTGTACGATACACAT-1,3
ACTGTAGCACTTTGGA-1,3
ACTGTATACGCGAGCA-1,2
ACTGTCCAGGATTATA-1,4
ACTGTCTTCTTTAGAA-1,4
ACTGTGCTAGTAGATC-1,2
ACTGTTTAGTGTAGGC-1,2
ACTTACCGGGCGCGCA-1,0
ACTTAGTACGACAAGA-1,2
ACTTATACTTACCCGG-1,6
ACTTATTAGGATCGGT-1,5
ACTTATTTATGTGCCA-1,9
ACTTCAGGCTGATCCC-1,9
ACTTCCATGCGGGACA-1,1
ACTTCCTGTCGTGCGA-1,2
ACTTCGCCATACGCAC-1,6
ACTTCGCTAGCGAGTG-1,6
ACTTGACTCCCTCTTT-1,9
ACTTGCCATATTGTAC-1,2
ACTTGCTCTATCTACC-1,11
ACTTGGGACCCGGTGG-1,3
ACTTGTAGTCCCTTCA-1,7
ACTTTACCCTCATGAA-1,3
ACTTTATACACCACTT-1,10
ACTTTCCTATAGCTTC-1,2
ACTTTGACTGCATCCT-1,3
ACTTTGGTCGTGCTCC-1,11
ACTTTGTCGACGCACT-1,8
AGAAATTATGACTCGC-1,9
AGAACACGGCGATGGT-1,10
AGAACCCAGCGTGACA-1,8
AGAACGTGGTACATTC-1,6
AGAAGAGCGCCGTTCC-1,1
AGAAGGTACACTTCAC-1,7
AGAAGGTTGCCGAATT-1,5
AGAAGGTTGTAGGTCG-1,1
AGAAGTGATTCGTGAT-1,5
AGAATAAATCTTCAGG-1,4
AGAATGCGGGTTCGGA-1,0
AGAATTATGGATTCGA-1,3
AGAATTGTTTGACATA-1,3
AGACAGCTCAGAATCC-1,4
AGACAGGCATCTCAGC-1,8
AGACATAGATCCTTCC-1,2
AGACCAAACCACACCT-1,7
AGACCATGGGATACAA-1,3
AGACCCACCGCTGATC-1,5
AGACCCGCCCTCCTCG-1,2
AGACCGCTCCGCGGTT-1,8
AGACCGGGAAACCCTG-1,5
AGACGAAGTGCCGGTC-1,9
AGACGACGATGCCGCT-1,5
AGACGCCCACTTCGCC-1,1
AGACGGGATTGGTATA-1,0
AGACGGGCCGATTTAA-1,0
AGACTAGCCTTCCAGA-1,4
AGACTGTTACCGGGTC-1,1
AGAGAAACACCAGAAA-1,10
AGAGAACCGTCTAGGA-1,2
AGAGAAGGAGTACAAT-1,5
AGAGATCTCTAAAGCG-1,5
AGAGCAGTTATGAGAC-1,3
AGAGCCGCCGAGATTT-1,1
AGAGCGCTTGTAACGG-1,0
AGAGCGGGCTAATCAT-1,0
AGAGCGTACAAGCTCG-1,3
AGAGGGACAATTGTCC-1,0
AGAGGTATCTCGGTCC-1,0
AGAGTAAACTTCACTA-1,8
AGAGTATAGTGTTACG-1,2
AGAGTCTTAATGAAAG-1,1
AGAGTGAACAGACACC-1,0
AGAGTTAGAGACCGAT-1,0
AGAGTTGCAGGCCTCC-1,0
AGATAACTTCAGGGCC-1,4
AGATAATCACACCTAT-1,10
AGATACCAATAGAACC-1,1
AGATACCAGCACTTCA-1,0
AGATACCGGTGTTCAC-1,4
AGATACGACTTCATAT-1,3
AGATACTCAAGATCGA-1,9
AGATATAATACGACTA-1,1
AGATCGTGCATAAGAT-1,2
AGATCTCAGGTGTGAT-1,2
AGATCTGGAGAGGATA-1,1
AGATGACTCGCCCACG-1,2
AGATGAGGGTTGCGAT-1,0
AGATGATGGAGTCTGG-1,6
AGATGCAAGACGTGCA-1,7
AGATGCATCCTGTGTC-1,9
AGATTATAGGACGTTT-1,4
AGATTCAAGCGGGTCG-1,2
AGATTCACAACCGATA-1,7
AGCAAAGGCCGCTAGT-1,1
AGCAACATATCTTATT-1,8
AGCAACCGAAAGTAAT-1,11
AGCACACGTTTAGACT-1,1
AGCACCAGTACTCACG-1,2
AGCACTACCGGCCTGT-1,4
AGCACTTAAGGACGCC-1,4
AGCAGAAGGAGAAAGA-1,1
AGCAGCCAGATGAATA-1,1
AGCATATCAATATGCT-1,9
AGCATCATTTCGAAAG-1,7
AGCATCGTCGATAATT-1,6
AGCATTACGAGGCAAG-1,1
AGCCAAGCTTTGTGTC-1,10
AGCCACAGGTTACCCG-1,1
AGCCACTCCCGTGCTT-1,2
AGCCCATACATGTAAG-1,4
AGCCCGCAACAAGCAG-1,10
AGCCCGCACTACAATG-1,1
AGCCCGGCATTAGAGG-1,10
AGCCCTAAGCGAAGTT-1,0
AGCCCTCCCTGGTGGC-1,1
AGCCCTGTCGCACCGT-1,8
AGCCCTTCTAATCCGA-1,0
AGCCCTTGGACATCCC-1,1
AGCCGCAAATTCAAAT-1,4
AGCCGTGGCTAAATGT-1,7
AGCCTAATACCCACGT-1,5
AGCCTTAAAGCGGAAG-1,4
AGCCTTGTCACTGATA-1,5
AGCGACAGGAACGGTC-1,7
AGCGACATCCCATTCA-1,2
AGCGACCAACGATATT-1,2
AGCGAGACGTGAAGGC-1,10
AGCGATGCGCCTAATA-1,1
AGCGCGGGTGCCAATG-1,0
AGCGCTAGAGCGATGT-1,8
AGCGCTTATGGGCAAG-1,0
AGCGGACACTTCGTAG-1,1
AGCGGCGGTTAGCGGT-1,7
AGCGGGAAGGGTCCAT-1,2
AGCGGGTCTGACACTC-1,1
AGCGGTTGAGATGTAC-1,0
AGCGGTTGCCGCTCTG-1,0
AGCGTCTGAACCCGCA-1,2
AGCGTGGTATTCTACT-1,9
AGCGTTCCGATTTAAA-1,0
AGCTAACAAGCAATGT-1,7
AGCTAAGCTCCGTCCG-1,7
AGCTAAGTACGCAGGC-1,1
AGCTAGAAGCAGAAGT-1,0
AGCTATTTAATCCAAC-1,0
AGCTCCATATATGTTC-1,8
AGCTCCTTCGCACATC-1,9
AGCTCGTTGATGGAAA-1,0
AGCTCTAGACGTTCCA-1,9
AGCTCTTCCCAGTGCA-1,0
AGCTCTTCGTAACCTT-1,4
AGCTCTTTACTCAGTT-1,5
AGCTGAAGTAAACCAA-1,2
AGCTGCATTTGAGGTG-1,0
AGCTGCTGTGCCGAAT-1,0
AGCTGTAACCTCAATC-1,7
AGCTTATAGAGACCTG-1,2
AGCTTCAATACTTTGA-1,2
AGCTTCTTCTCGAGCA-1,1
AGCTTGATCAGGGTAG-1,7
AGCTTGATCTTAACTT-1,4
AGGAACGAACGACTTC-1,1
AGGAAGCTGTCCGCCG-1,1
AGGACAGTCGAATCCC-1,9
AGGACATCGCACGTCG-1,4
AGGACATCGGCACACT-1,1
AGGACGACCCATTAGA-1,5
AGGACGCTCGATGTTG-1,0
AGGAGACATCCACAGT-1,0
AGGAGAGTCTGGCTAC-1,0
AGGAGCGTTTATTATC-1,1
AGGAGGCCTTCGCGCG-1,9
AGGATAAAGTCGGGAT-1,10
AGGATATAGGGATTTA-1,9
AGGATATCCGACTGCA-1,1
AGGATCACGCGATCTG-1,5
AGGATTGCTTACGACA-1,2
AGGCACGTGACTGTCC-1,1
AGGCAGATGCGTAAAC-1,2
AGGCATTGTCGTAGGG-1,8
AGGCCACATTGGTTAC-1,8
AGGCCACCCGTTATGA-1,3
AGGCCCATTGTACAGG-1,6
AGGCCCTAGAACGCCA-1,7
AGGCCTGAGAATCTCG-1,1
AGGCGATAACTGGCGT-1,1
AGGCGGTTTGTCCCGC-1,11
AGGCGTCTATGGACGG-1,0
AGGCTATGGTTAGCTT-1,3
AGGCTTCCCGAAGAAG-1,5
AGGCTTGCTAGACACC-1,4
AGGGAAACGAGGTACT-1,0
AGGGACCGGCTGCGTT-1,4
AGGGACTCTACGCGAC-1,7
AGGGAGACATACTTCG-1,2
AGGGCAGCGGCGTGGT-1,2
AGGGCCCTAATGTTCT-1,1
AGGGCGAGCAGCTGAT-1,7
AGGGCGTGATCGGCTA-1,2
AGGGCTGCAGTTACAG-1,6
AGGGTCAGAGCACTCG-1,10
AGGGTCAGTAACCCTA-1,0
AGGGTCGATGCGAACT-1,4
AGGGTCTGGACGCAGT-1,1
AGGGTGCCGTTCTTTA-1,1
AGGGTGCTCTCGAGGG-1,6
AGGGTGTGCTACACGC-1,0
AGGGTTCAGACGGTCC-1,10
AGGGTTCCCTTTGGTT-1,6
AGGGTTTAGTTCGGGA-1,4
AGGTAACCTCCTATTC-1,2
AGGTACGATATTGCCA-1,2
AGGTAGATCGAGATAT-1,7
AGGTAGGTACAAAGCT-1,4
AGGTATAATTGATAGT-1,6
AGGTATGCGGACATTA-1,8
AGGTCAGGTGAGAGTG-1,7
AGGTCGCCTCCCAACA-1,1
AGGTCGCGGAGTTACT-1,0
AGGTGCACGTCCACAT-1,1
AGGTGGTGACCTTCGC-1,10
AGGTGTATCGCCATGA-1,3
AGGTGTTGCCGACCAC-1,1
AGGTTACACCATGCCG-1,8
AGGTTCTCCTTTCCGG-1,11
AGGTTGAGGCACGCTT-1,3
AGGTTTCACACACCTT-1,9
AGTAACGTTCATCCTG-1,2
AGTAACTATAGCAGCC-1,1
AGTAATGTCTTGCCGC-1,2
AGTAATTTGCAAGCGT-1,11
AGTACAGAAGCTTATA-1,1
AGTACATCATTTATCA-1,2
AGTACCTTCGAGTGCT-1,0
AGTACGGCCCGTATCG-1,3
AGTACGGGCACCTGGC-1,2
AGTACGTGGCCTGTCT-1,0
AGTAGAAGGCGCCTCA-1,6
AGTAGCGTGAACGAAC-1,0
AGTAGCTAGACGCCGA-1,0
AGTAGGAAGGAAGTTG-1,0
AGTAGGTAACATACAT-1,2
AGTATAATACTAGGCA-1,3
AGTATACACAGCGACA-1,10
AGTATGCTGGAGACCA-1,7
AGTCAAATGATGTGAT-1,10
AGTCAAGATGACACTT-1,9
AGTCACTAGCTCTCGA-1,9
AGTCAGCCACCGCCTG-1,2
AGTCCATTGGCTGATG-1,8
AGTCCCGCCTTTAATT-1,0
AGTCCCTCGCAGAAAG-1,0
AGTCGAAACGATTCAG-1,7
AGTCGACGGTCTCAAG-1,8
AGTCGGCCCAAACGAC-1,3
AGTCGGCTCAACTTTA-1,7
AGTCGGTTGCGTGAGA-1,4
AGTCGTATAAAGCAGA-1,1
AGTCGTGGGCATTACG-1,5
AGTCTAAAGTATACTC-1,2
AGTCTCACAAGACTAC-1,7
AGTCTGGACATCCTTG-1,3
AGTCTTCTCCTCAAAT-1,2
AGTCTTTAAAGTGTCC-1,1
AGTGAACAAACTTCTC-1,8
AGTGAAGATGGTGTCC-1,0
AGTGACCTACTTTACG-1,5
AGTGACTGTGACACAA-1,1
AGTGAGACTTCCAGTA-1,6
AGTGAGCCTCGCCGCC-1,3
AGTGAGGGTTTCTGAC-1,2
AGTGAGTCGAATTAAC-1,1
AGTGATATGAGTAGTT-1,5
AGTGATTCAAGCAGGA-1,6
AGTGCACGCTTAAGAA-1,9
AGTGCGTAGCTCGTAA-1,5
AGTGCTAAACACAGCA-1,1
AGTGCTTGCACGAATA-1,8
AGTGGCCCGCAAATGG-1,1
AGTGGCGGCAATTTGA-1,2
AGTGGCGTCTGAAGGT-1,1
AGTGGCTCCGTCGGCC-1,7
AGTGGTGTTACCCGTG-1,11
AGTGGTTGCGTATAGG-1,4
AGTGTATTGCGCATTG-1,0
AGTGTGCTAAGATCGC-1,6
AGTGTGGTCTATTGTG-1,3
AGTTAAACACTTGCGA-1,3
AGTTAAGCGGTCCCGG-1,0
AGTTAAGTCAACCGCT-1,7
AGTTACCCTTAAGACT-1,3
AGTTACCGCACATGGT-1,3
AGTTACTCTATCGTGG-1,0
AGTTATTCAGACTGTG-1,1
AGTTATTGAAAGGTAA-1,0
AGTTCACCGGTTGGAC-1,3
AGTTCCTACAGAATTA-1,4
AGTTCCTATTTATGTT-1,7
AGTTCTGCGTTGTATC-1,2
AGTTGACATCGGCTGG-1,2
AGTTGACGGTCCTTGC-1,1
AGTTGCGGTCCTCAAC-1,11
AGTTGCTGACTGATAT-1,4
AGTTGGCAAGGCTAGA-1,1
AGTTTATGTAAAGACA-1,6
AGTTTCGCAGGTCGGA-1,2
AGTTTGCACCTGCCTC-1,1
AGTTTGGCACGGGTTG-1,8
AGTTTGGCCAGACCTA-1,5
ATAAACGGACCCGTAA-1,5
ATAAAGGCTCGGTCGT-1,4
ATAAAGGTCAAGTACG-1,0
ATAAATATTAGCAGCT-1,3
ATAACGCCGGAGGGTC-1,6
ATAACGGAGTCCAACG-1,2
ATAACGTTACCTCCAC-1,0
ATAAGCAAACACCGAG-1,0
ATAAGGTGGAGAACAT-1,7
ATAAGTACCCGATTGT-1,0
ATAAGTAGGATTCAGA-1,6
ATAAGTAGGGCGACTC-1,4
ATAAGTTACCGCGACG-1,7
ATAATACCGTTAGCCG-1,2
ATAATAGCTGTTGAAT-1,5
ATAATAGTGTAGGGAC-1,4
ATAATCTTGGAGAACC-1,1
ATAATTAGCTAAGTAG-1,1
ATACAGCGTCCACTGA-1,5
ATACAGGCCCTCCAAT-1,10
ATACCACGGGCAACTT-1,3
ATACCAGCAAATTGCT-1,0
ATACCAGGCTAATAGA-1,2
ATACCCTCCCGGCCAA-1,10
ATACCGTCATCCATAA-1,0
ATACCTAACCAAGAAA-1,1
ATACGAAGGCTTTCCA-1,8
ATACGACAGATGGGTA-1,2
ATACGCCGGCGAAACC-1,8
ATACGGAACGTCGTTT-1,11
ATACGGGTTTCGATTG-1,2
ATACGGTGAAGATGCA-1,3
ATACGTACTTAGCCAC-1,5
ATACGTCCACTCCTGT-1,9
ATACGTTATGCACGGA-1,10
ATACTACCCGTACCAC-1,1
ATACTAGCATGACCCT-1,2
ATACTCTCGCCACTCT-1,2
ATACTTGTTCTCGAGC-1,3
ATAGACAACGGGACCT-1,4
ATAGACGAAGAGAAAG-1,4
ATAGAGTACTGGGACA-1,3
ATAGAGTTATCAACTT-1,2
ATAGATTTGCAGTCGG-1,2
ATAGCAACTAGGGAAG-1,1
ATAGCCATAACAGTCA-1,1
ATAGCCTCAGTACCCA-1,3
ATAGCTGCTCTTGTTA-1,2
ATAGGAATCTAAGCTT-1,0
ATAGGCGGCTATAGAA-1,11
ATAGGCTAGCTTCGCA-1,0
ATAGGGATATCCTTGA-1,2
ATAGGTTGGGCAGATG-1,4
ATAGTCTTTGACGTGC-1,0
ATAGTGAAGCGTTCTC-1,5
ATAGTTCCACCCACTC-1,4
ATATAAAGCGCTCGTG-1,1
ATATAAATGTAGCTGC-1,7
ATATAACACGGGCGCA-1,1
ATATACATGTATGGTA-1,7
ATATACGCTCGTGACG-1,10
ATATAGAGTATTGGTC-1,7
ATATCAACCTACAGAG-1,4
ATATCGGTAGGGAGAT-1,4
ATATCGTGCCAGACCC-1,0
ATATCTCCCTCGTTAA-1,0
ATATCTTAGGGCCTTC-1,3
ATATGTCTCCCTAGCC-1,4
ATATGTGCACAAACCA-1,0
ATATTCAGTTAAACCT-1,5
ATATTCCCACAGGTCA-1,6
ATATTGCTGTCAAAGT-1,3
ATATTGGAGAGGCCTT-1,1
ATATTTAACCCTCAAG-1,4
ATCAAACACTGTTCCA-1,8
ATCAAACGAAGGTTTG-1,5
ATCAATCTGGGCTGCA-1,4
ATCAATGCCGTGGCTG-1,11
ATCACATTAGAATATC-1,6
ATCACGTGCTAATTAA-1,5
ATCACTTCATCCTCGC-1,6
ATCAGACGGCACGCCG-1,5
ATCAGCTCGTCCACTA-1,7
ATCAGGTAGCTGACAG-1,6
ATCAGGTCGCCATTGC-1,0
ATCAGTAGGCAGGGAT-1,2
ATCATAGCCCTATGTA-1,10
ATCATCCAATATTTGT-1,4
ATCATCTGCCCAGTGT-1,2
ATCATGGACTACCGAC-1,8
ATCCAACGCAGTCATA-1,3
ATCCAATGGAGGGTCC-1,3
ATCCAATGGTACCGAA-1,4
ATCCACATCGACAGAA-1,1
ATCCACGCTAAATGTT-1,0
ATCCACTTTCAGACTA-1,0
ATCCAGAGCAACAACC-1,5
ATCCAGGATTCGTGAA-1,5
ATCCCATCCACAGCGC-1,11
ATCCGGACCAGCCTGA-1,1
ATCCTACCTAAGCTCT-1,7
ATCCTGAATCGCTGCG-1,3
ATCCTGCGTGGAATGG-1,5
ATCCTGCTGCAGATAG-1,6
ATCCTTCTGAAAGAAC-1,8
ATCGACCCAATACAGA-1,7
ATCGACTCTTTCCGTT-1,2
ATCGCACGCCGGGAGA-1,2
ATCGCCAGTCAACATT-1,8
ATCGCCGTGGTTCATG-1,1
ATCGCTGCGTGCAGCA-1,0
ATCGCTTTACGTCTCA-1,8
ATCGGCAAGCAGTCCA-1,0
ATCGGTTACCTAGTAA-1,3
ATCGTATTCCGAGAAC-1,4
ATCGTGGAAAGTCTGG-1,7
ATCGTTAGCTAGCGGA-1,8
ATCGTTCACTTTCGCC-1,2
ATCTAATATCCTACGG-1,1
ATCTACCATCTGCTCC-1,1
ATCTAGCTTGTGAGGG-1,1
ATCTCATAAACCTACC-1,0
ATCTCCCACGGAATAT-1,1
ATCTCCCTGCAATCTA-1,2
ATCTCGTGAGCGAAAC-1,8
ATCTGACATGGAAGGA-1,1
ATCTGATAGTGTCTTA-1,2
ATCTGCACCTCTGCGA-1,6
ATCTGCTGTTATCGCC-1,1
ATCTGGGCTGTTCTTG-1,1
ATCTGGTTAAGACTGT-1,2
ATCTGTAATTGTACCC-1,6
ATCTTAGGGCATTAAT-1,11
ATCTTATCGCACACCC-1,1
ATCTTGACCTGCAACG-1,3
ATCTTGACTTGTCCAA-1,3
ATCTTTCGTATAACCA-1,0
ATGAAGCCAAGGAGCC-1,4
ATGAAGTGGACCCAGC-1,4
ATGACGCCGGCTCTAA-1,6
ATGACGCGTTCTATCC-1,5
ATGACTATCAGCTGTG-1,1
ATGACTATGCGACATT-1,9
ATGAGGAGTGTTAATC-1,3
ATGAGGGCAGCGGCTA-1,8
ATGATCGGGAATAGAC-1,6
ATGATGCAATGGTACA-1,5
ATGCACCTTCCTTAAT-1,3
ATGCACGCGCTGTTCA-1,11
ATGCACTACCGCATTG-1,4
ATGCATGATCCAGGAT-1,2
ATGCATTCCGTGATGG-1,2
ATGCCAATCGCTCTGC-1,0
ATGCCATTTGCGACCA-1,8
ATGCCGGTCTTGCATA-1,6
ATGCCGGTTGATGGGA-1,6
ATGCGACAATTGGTCC-1,0
ATGCGACAGTCCCATT-1,9
ATGCGAGTCCCACCAC-1,8
ATGCTCAGTGTTGCAT-1,3
ATGCTCTGGCGCGGTA-1,1
ATGCTTAGGAGTTGAT-1,8
ATGGAAATTTAAGGAG-1,7
ATGGAACAGAATAAAC-1,0
ATGGAACCTTTGCACA-1,8
ATGGAGCAGGCCGTGA-1,8
ATGGATCCGGCGTCCG-1,0
ATGGATTGACCAAACG-1,2
ATGGCAGCATTACGAT-1,7
ATGGCAGCCGAGAAAC-1,3
ATGGCCCGAAAGGTTA-1,1
ATGGCGGAATAGTCGC-1,6
ATGGCTGGAAATGGCC-1,0
ATGGGAACGGAAGCGG-1,0
ATGGGACCTGCTGAAC-1,7
ATGGGTGTATACCTCC-1,7
ATGGTATTTACTGATT-1,7
ATGGTCGCGTGGTTTC-1,9
ATGGTTACGAAACATG-1,0
ATGTAAGGCTGCTCTT-1,6
ATGTACATGCGGTGAG-1,1
ATGTACGATGACGTCG-1,1
ATGTAGCGCGCGTAGG-1,1
ATGTCATTTCCCATTG-1,2
ATGTCTTGTTTGACTC-1,10
ATGTGAAAGCCTAATG-1,7
ATGTGCATCCGACGCA-1,6
ATGTGGACATCTTGAT-1,9
ATGTGTAGTTTAGTCA-1,0
ATGTTACGAGCAATAC-1,2
ATGTTCCTGCCCACCT-1,2
ATGTTCGTCGACCCAC-1,3
ATGTTGATTAGAGACT-1,1
ATGTTGTAGTCTGTTT-1,10
ATGTTTCGGCCCGGAG-1,6
ATGTTTGTAAGATCAT-1,0
ATTAAACATGCGGACC-1,5
ATTAACACCTGAGATA-1,3
ATTAATACTACGCGGG-1,2
ATTAATGAACCAGTCG-1,2
ATTAATTCGGTCACTC-1,2
ATTACAACTACCGGCC-1,0
ATTACATGTCAGTCTT-1,8
ATTACCACACTGCCTG-1,8
ATTACGACTCCACAGT-1,0
ATTACGCGCTGGCAGG-1,3
ATTACGGGCTACGGTT-1,11
ATTACTAGCCTCTTGC-1,2
ATTACTTACTGGGCAT-1,0
ATTAGATTCCTCAGCA-1,0
ATTAGATTGATAGCGG-1,3
ATTAGGCGATGCTTTC-1,3
ATTATACTTTGCTCGT-1,2
ATTATAGCTACTTTAC-1,6
ATTATCGGAATGTACG-1,1
ATTATCTCGACAGATC-1,2
ATTATGAGACCCAATT-1,7
ATTATGCCATAGGGAG-1,2
ATTATGCTCAGTATTG-1,0
ATTATTATGTCCGTCA-1,5
ATTATTCAGAGTCACT-1,1
ATTCAACCATTTAAGG-1,9
ATTCACTGATGTTGGA-1,1
ATTCAGATGAATCCCT-1,0
ATTCAGGACCTATTTC-1,0
ATTCAGGATCGCCTCT-1,0
ATTCAGTAGCAGGGTC-1,3
ATTCATATACTGTCCA-1,5
ATTCATCGTTGAGGCA-1,7
ATTCCCACATAAACAA-1,3
ATTCCTAAGACGTGGA-1,0
ATTCCTCCGCCAGTGC-1,4
ATTCCTTCCAGGCGGT-1,3
ATTCGACGCCGGGCCT-1,4
ATTCGCAGAGGACACT-1,0
ATTCGCGCCTTGAGAG-1,1
ATTCGTCCCGAGGTTA-1,1
ATTCGTGCTATCTCTT-1,8
ATTCTCGTCTCTTTAG-1,3
ATTCTGAGTATGAACT-1,0
ATTCTTCGTACTTATG-1,0
ATTGAAGATCTTAGTG-1,4
ATTGAATTCCCTGTAG-1,1
ATTGACCGGCGATGAC-1,0
ATTGACGTAACTCGGT-1,0
ATTGATAGCAACGAGA-1,4
ATTGATCACCACATTT-1,7
ATTGATGAGTCCTAAC-1,6
ATTGCCTATTAGACCG-1,1
ATTGCCTTTATGTTTG-1,1
ATTGCGATCAGTAACT-1,9
ATTGCTGCTCCTCCAT-1,4
ATTGGATTACAGCGTA-1,8
ATTGGGAATATCTTGG-1,2
ATTGGGAGTTCTGTAA-1,0
ATTGGTAGGATCCGCT-1,4
ATTGGTTGTGCATTAC-1,1
ATTGTACAACTCGGCT-1,4
ATTGTCGCAATACCTT-1,0
ATTGTGACTTCGCTGC-1,0
ATTGTTCAACGATCCG-1,8
ATTTAACTCGTATTAC-1,2
ATTTACAGTTTACTGG-1,3
ATTTACTAAGTCCATT-1,6
ATTTCATTATTTCGCG-1,2
ATTTCCGGGTTCTGCG-1,7
ATTTGCGCGAGTAGCT-1,5
ATTTGTCTTGGGAGCT-1,8
ATTTGTTCCAGGGCTC-1,0
CAAACCAGGTCTGCAT-1,3
CAAACCCTCCGGCGGG-1,1
CAAACGAGTATCGCAG-1,5
CAAACGGTCGCACTTT-1,3
CAAACGTGGTCTTGCG-1,2
CAAACTACGATAGAGA-1,2
CAAACTATTGAGCTTC-1,0
CAAACTCGCGACGCCG-1,8
CAAAGATTATTGGGCC-1,7
CAAAGGTCATCTGAAA-1,8
CAAAGGTTAAATTCAG-1,0
CAAATCTCTCACAAGG-1,3
CAAATGTCCTTCCGTG-1,5
CAAATTGGATTATGCC-1,0
CAAATTGTCAGCAAGC-1,2
CAACACATCTCCTGCC-1,2
CAACAGAATAACGCTA-1,6
CAACCAGTGGCCTACC-1,1
CAACCTACCGAGCAGT-1,1
CAACCTGAACCTGCCA-1,0
CAACGACCCGTTTACA-1,6
CAACGAGCTTATTATG-1,10
CAACGATCGATCCAAT-1,1
CAACGCGATGAGCCAA-1,10
CAACGGTTCTTGATAC-1,2
CAACGTGGTGGAGTCT-1,9
CAACTATATCGAATGC-1,0
CAACTCCAACGTTTAG-1,2
CAACTCCGTAACTTGC-1,0
CAACTCCTTGATCCCG-1,4
CAACTGAGGGTATGAC-1,0
CAACTTGTAGTGGGCA-1,2
CAAGAAACCCTAAACT-1,0
CAAGACTCAGAAGCGC-1,2
CAAGAGGGCGGAGTAC-1,9
CAAGATATTATAACGT-1,9
CAAGCAACGTCGGAGT-1,3
CAAGCACCAAATGCCT-1,0
CAAGCGGCACATAATT-1,1
CAAGGATCGCATGTTC-1,9
CAAGGCCAGTGGTGCA-1,1
CAAGGTCCTATAGGCT-1,6
CAAGTAAGTGATAGAC-1,10
CAAGTGAACTTTGGTT-1,0
CAAGTGTGGTTGCAAA-1,9
CAATAAACCTTGGCCC-1,2
CAATACGAGAGTCTGA-1,8
CAATACGCTCTGAGGC-1,9
CAATATGTAGATTTAC-1,0
CAATATTCTTGACCTA-1,5
CAATCCATTATCCGTT-1,0
CAATCCCTATACCAGC-1,0
CAATCCTGCCGTGGAG-1,4
CAATGAGGTTCGACTA-1,0
CAATGCGAGAAGTATC-1,9
CAATGGAATCTACATA-1,0
CAATGGATCTCTACCA-1,6
CAATGGTCGGCCTGGG-1,2
CAATGTGCCAACCCTT-1,8
CAATTAAGGGTGATGA-1,4
CAATTGGGCCGCACTC-1,9
CAATTTCGTATAAGGG-1,4
CACAAACCGCAGAACT-1,1
CACAAGAAAGATATTA-1,0
CACAAGCTAAGAAAGG-1,7
CACAATGAGCTGCTAT-1,5
CACACACGCTAACGAG-1,8
CACACAGCTTGCGCTC-1,8
CACACAGGGATAGATT-1,3
CACACGCGCTGTCTTA-1,6
CACACGTTTCAATGGG-1,0
CACACTTGTATTGCGA-1,0
CACAGAGACGAGGACG-1,5
CACAGCACCCACGGCA-1,4
CACAGCTAGGGAGTGA-1,2
CACAGGGCCGTTGTCA-1,10
CACAGTCCCGCTTCGC-1,1
CACAGTTCGCTTCCCA-1,9
CACATATTAGCAGGAT-1,9
CACATCGTGCACGCGC-1,1
CACATCTCACCGACGA-1,1
CACATGATTCAGCAAC-1,4
CACATTCTTTCGATGG-1,0
CACATTTCTTGTCAGA-1,8
CACCAATCATCCGTCT-1,7
CACCACGCCACACAGA-1,9
CACCAGTCAGCATGCA-1,11
CACCATCGGAGGAGAC-1,0
CACCATGATCGCAAAG-1,2
CACCCAAATCTTATGT-1,4
CACCCACACGTCACCC-1,2
CACCCACGAGGCAATT-1,0
CACCCGCGTTTGACAC-1,1
CACCCGGTTTGTGACT-1,7
CACCCTTGGTGAGACC-1,5
CACCCTTTCCTCGCTC-1,2
CACCGATACACCGAGC-1,0
CACCGATGATGGGTAC-1,1
CACCGCCAGAAGGTTT-1,4
CACCGCCGACCAGCGA-1,0
CACCGCGTCCACTCTA-1,0
CACCGGAGATATCTCC-1,0
CACCGGGCATCACAAG-1,1
CACCGGTAGAGACATT-1,7
CACCGTATCCCATCCG-1,9
CACCGTTAGGGATCAC-1,7
CACCGTTGCGCGATAT-1,5
CACCTAATAGAGTCGT-1,3
CACCTAATCAGTTTAC-1,2
CACCTCGATGGTGGAC-1,0
CACCTCTACGAGTGTG-1,0
CACCTTGCGAAACTCG-1,6
CACCTTGGCGCCTTTG-1,8
CACGAAAGTTAGTCCC-1,4
CACGACCACAGACTTT-1,0
CACGACGTAATAGTAA-1,2
CACGAGCAAACCAGAC-1,1
CACGCACAGCGCAGCT-1,2
CACGCAGCGAGGCTTT-1,4
CACGCGGAACTGTTGC-1,8
CACGGACGTGGATGGC-1,0
CACGGCGCGCCAAAGG-1,0
CACGGGATTGAGGGTT-1,3
CACGTCAATCAATGGA-1,1
CACGTCGGCAACCTCT-1,5
CACGTCGGGTTCTAGA-1,3
CACGTCTATGATGTGG-1,0
CACGTTCGTGCTCTAG-1,9
CACGTTTCGTACACAC-1,9
CACTAAAGTTGCCTAT-1,4
CACTACGGGAGCTGCC-1,1
CACTACTCAGTTCTGT-1,2
CACTCAAGAGCTATGG-1,4
CACTCAGCTCTTGAGG-1,2
CACTCCTATGTAAGAT-1,5
CACTCCTCTCGGTCGG-1,0
CACTCGAGCTGAACAA-1,9
CACTCGGTTAGGAGGA-1,3
CACTCTCAAGCATCGA-1,10
CACTCTTCTGCTAGCC-1,1
CACTGACGATTGTGGA-1,10
CACTGTCCAAGTGAGA-1,2
CACTTAATCAGACGGA-1,4
CACTTCGCCACAGGCT-1,3
CACTTCGTCTTATCTC-1,3
CAGAACTTAGCCCTCT-1,9
CAGAATAACACACGGA-1,8
CAGAATATTCGTTATC-1,8
CAGACACCGATCGCTG-1,5
CAGACCTGTAAGTGTT-1,3
CAGACGAACCTGATAC-1,5
CAGAGACGGTCACCCA-1,5
CAGAGCATGAGCTTGC-1,2
CAGAGCGATGGATGCT-1,1
CAGAGGCGATGCATGA-1,7
CAGAGTGATTTAACGT-1,2
CAGATAATGGGCGGGT-1,1
CAGATACTAACATAGT-1,3
CAGATATGAAGATGAC-1,5
CAGATCATTTAAAGTC-1,0
CAGATCCTGGTTTGAA-1,11
CAGATGTTTGTCCCAA-1,7
CAGCAGCCCGTTCCTT-1,6
CAGCAGTCCAGACTAT-1,8
CAGCAGTCTGTGCTGC-1,1
CAGCCCTCACAGGCAG-1,2
CAGCCGGGCCCTCTAT-1,0
CAGCCTCCTGCAGAGG-1,2
CAGCCTCGATAGCGGT-1,1
CAGCCTCTCCTCAAGA-1,0
CAGCGATTCCCTTCAA-1,5
CAGCGCCAACACGATA-1,4
CAGCTCACTGAGACAT-1,4
CAGCTCGACAAGTTAA-1,4
CAGCTCGTGCTTGTGT-1,2
CAGCTCTGGGCTCACT-1,10
CAGCTGGCGTAACCGT-1,7
CAGCTTAGTAGGTAGC-1,4
CAGGAAGACTTTATAT-1,0
CAGGACAGCTGCCCTT-1,8
CAGGATATATCGTTGT-1,5
CAGGCAGTCTTACCAG-1,10
CAGGCCAGTACCACCT-1,10
CAGGCCGTTTGGGTGT-1,3
CAGGCGCACGGTGGTC-1,7
CAGGCGCCATGCTAGG-1,5
CAGGGAGATAGGCCAG-1,1
CAGGTTTAGTACTACA-1,0
CAGTAACTATTTATTG-1,0
CAGTAATCCCTCCCAG-1,3
CAGTACATTCTCTAAA-1,0
CAGTACCAGTTTACGT-1,7
CAGTAGATGATGTCCG-1,2
CAGTAGCCCACGCGGT-1,6
CAGTCCAACGCCTTCT-1,0
CAGTCGAGGATGCAAT-1,0
CAGTCGGCCTAGATAT-1,9
CAGTCTGTATACTGGG-1,7
CAGTGAATAAATGACT-1,6
CAGTGGTTGCACATGA-1,3
CAGTGTCCGCAGAATG-1,6
CAGTGTCGGCTGGCCC-1,9
CAGTGTTAATCTCTCA-1,7
CAGTTCAAATTGACAC-1,4
CAGTTCCGCGGGTCGA-1,3
CAGTTCGAGGACCCGA-1,10
CATAACGGACAGTCGT-1,4
CATAAGAAGCTTGGCT-1,1
CATAAGCTCTCCGTCT-1,7
CATAATGAGCGGGCGA-1,0
CATACAAAGCCGAACC-1,2
CATACACGGTTCCCAC-1,5
CATACCCGTACCCAGT-1,3
CATACGAACTAGCTGG-1,1
CATACGGCGTCTGGGC-1,4
CATACTATGTAATTGT-1,4
CATACTTAGGCAATAC-1,6
CATACTTCTTTCTCCG-1,10
CATAGAGGAGATACTA-1,1
CATAGCCGCCCGGGAT-1,3
CATAGCGTTGCCCACC-1,5
CATAGGGACACTTGTG-1,10
CATAGTACATTGAGAG-1,6
CATAGTAGCATAGTAG-1,2
CATAGTCAAATACATA-1,1
CATAGTCCACAAGAAC-1,5
CATAGTGGGCACGCCT-1,1
CATATACTACTGATAA-1,0
CATATGTCAGGCTACG-1,7
CATATTATTTGCCCTA-1,6
CATCAAACTGGCGCCC-1,0
CATCAACACCTACTAA-1,2
CATCATCTACCCGGAC-1,2
CATCATTACCCTGAGG-1,9
CATCCAATATAGTTTG-1,7
CATCCCGAGATTCATA-1,1
CATCCGCAGGCCCGAA-1,2
CATCCTCTCAAAGATC-1,9
CATCGCCCGCGGCCAA-1,2
CATCGGACGGGTTAAT-1,5
CATCGTCCGGTTACTA-1,4
CATCTACCCGAGAACG-1,0
CATCTAGTGAAGGGAA-1,8
CATCTATCCCGTGTCT-1,0
CATCTGCAGGATCATT-1,4
CATCTTACACCACCTC-1,8
CATGAACCGACATTTG-1,2
CATGAACCTCTTATCA-1,2
CATGACTTCGCTGAAT-1,4
CATGAGATGCACTCTC-1,9
CATGAGTCCATCACGG-1,10
CATGATCGCTTTGAGA-1,1
CATGATGCACAATTCT-1,2
CATGATGGAAGTTAGC-1,8
CATGCACATGAGAGGC-1,10
CATGCACGTGTTACTG-1,0
CATGCATGGAGACCCT-1,2
CATGCCAACTCGCAAA-1,4
CATGCGACCAGTTTAA-1,2
CATGCGTTAGACAGAA-1,0
CATGCGTTGAGAGGAG-1,10
CATGCTGGCTCCAATT-1,0
CATGGAAATGGGACCA-1,0
CATGGATTGTCTTCCG-1,9
CATGGCAGGAAGATCG-1,6
CATGGCTCCCTATGTC-1,3
CATGGGTATGCCTTAT-1,9
CATGGGTCGGGTGTGG-1,0
CATGGTAAGTAGCGTT-1,9
CATGGTCTAGATACCG-1,2
CATGGTTTATTAATCA-1,1
CATGTAAGAGACATTT-1,9
CATGTAGGAGCGCCAA-1,0
CATGTCTCATTTATGG-1,9
CATTACATAGATTGTG-1,0
CATTACGCAGGAAGGG-1,1
CATTACGTCGGCCCGT-1,0
CATTATAACAGGGTCC-1,6
CATTATCCCATTAACG-1,10
CATTATGCTTGTTGTG-1,2
CATTCACTGACAGCTA-1,0
CATTCCCATTCCGTCG-1,6
CATTCCCTAAGTACAA-1,0
CATTCGTCGTAGCGGT-1,1
CATTGATGAACACGCC-1,0
CATTGCAAAGCATAAT-1,2
CATTGCGAAATGGGCG-1,4
CATTGCGGGTCAATTC-1,2
CATTGTGTGCTAGATC-1,2
CATTTAGCGGACCATG-1,6
CATTTATCGTTCAAGA-1,0
CATTTCTAGCAGACTA-1,6
CATTTGAGTGGTACGT-1,5
CCAAACAGAACCCTCG-1,6
CCAAATAACAAGATTC-1,8
CCAAATCAAAGGGCAA-1,10
CCAACCTTATGTAACT-1,10
CCAACGATGCACTGAT-1,3
CCAACGCTTGCCAGGG-1,0
CCAACTTGATAGATCC-1,8
CCAAGAAAGTGGGCGA-1,5
CCAAGACTTCTGCGAA-1,2
CCAAGCGTAACTCGTA-1,6
CCAAGGAACAGAGAGG-1,2
CCAAGGTTGCCCTTTC-1,1
CCAAGTTTCTACAGAT-1,2
CCAATAGATTTCATCT-1,4
CCAATAGTGCCGTCGA-1,4
CCAATCGGTAGATCGA-1,0
CCAATGTCACAGCAAG-1,3
CCAATTACGGGTCGAG-1,0
CCAATTGAATGTTAAT-1,2
CCACAATGTACGTCTT-1,6
CCACACTGAGATATTA-1,5
CCACAGTACCCATCCT-1,9
CCACATACTGCACCCA-1,8
CCACATGGCTCTTTAT-1,9
CCACCAACTTTACTGT-1,5
CCACCCAAGGAAAGTG-1,9
CCACCTGTATGGAATA-1,1
CCACGAATTTAACCTC-1,8
CCACGAGAAGAGAATC-1,2
CCACGGAGCCATAAGA-1,7
CCACGGCAGGTGTAGG-1,10
CCACGGTGCCCGGTAG-1,6
CCACGTAAATTAGACT-1,8
CCACTATCCGGGTCAC-1,2
CCACTCAGATCCGCAA-1,1
CCACTGGTGGCTGGTT-1,3
CCACTGTTTGGATTAA-1,1
CCACTTTCCTTCTAGG-1,1
CCAGAAACTGATGCGA-1,1
CCAGAAAGCAACTCAT-1,5
CCAGAGACAAAGCCGG-1,4
CCAGATAGTTGAGTGA-1,4
CCAGATGTAAATGGGT-1,0
CCAGCCTGGACCAATA-1,6
CCAGCGGGATCACCAG-1,6
CCAGCTACGCCTCATA-1,2
CCAGCTCGAACGCATT-1,10
CCAGCTGATGGTACTT-1,3
CCAGCTTCCGCCCGCA-1,3
CCAGGCGAGATGGTCT-1,1
CCAGGCTGGCGTCTGA-1,1
CCAGGGACGTGGCCTC-1,4
CCAGTAGTCTGATCCA-1,2
CCAGTCAAATCTCTTA-1,9
CCAGTCCATTATTCGA-1,3
CCAGTCTAGACGGCGC-1,6
CCAGTGTACAGACCGA-1,10
CCAGTTCGGTAACTCA-1,1
CCATAAACAACCCGAC-1,0
CCATAACCTGTGCAGT-1,7
CCATACCTTTACTTGT-1,6
CCATACTCGCCTCTCC-1,4
CCATAGGTTGGCGTGG-1,0
CCATAGTCAGTAACCC-1,2
CCATATGGAAACTATA-1,9
CCATCATAAGAACAGG-1,0
CCATCCATACCAAGTC-1,2
CCATCGCAGTTAAACT-1,5
CCATCTCACCAGTGAA-1,8
CCATCTTGTTCACAAT-1,2
CCATGCCCTAGATTTC-1,9
CCATGCCTGTTTAGTA-1,3
CCATGCTCTGCAGGAA-1,2
CCATGGCCCTTGTACC-1,4
CCATGTTCATCTATAT-1,1
CCATTAGCGATAATCC-1,4
CCATTCCCTGCCCACA-1,3
CCATTGTTTCCTCCAT-1,0
CCATTTCTACCTATTA-1,1
CCCAAACATGCTGCTC-1,6
CCCAACATACGTCGCG-1,11
CCCAACCACACTAACA-1,0
CCCAAGAATGCACGGT-1,2
CCCAAGACAGAGTATG-1,2
CCCAAGTCATTACACT-1,1
CCCAATGAGATTTGCA-1,5
CCCAATTTCACAACTT-1,3
CCCACTCCACGGTATC-1,7
CCCAGAGGAGGGCGTA-1,0
CCCAGGTCTGAAGGCT-1,9
CCCAGTAAACTTGGGA-1,7
CCCAGTTAAGGCGCCG-1,8
CCCATATAGGTCGATT-1,1
CCCATTATTGTATCCT-1,1
CCCGAAGTTTCGCGAA-1,7
CCCGACCATAGTCCGC-1,3
CCCGAGTTTCTCCGTA-1,8
CCCGATAGCCTCGCCT-1,8
CCCGCAGCGCGAACTA-1,5
CCCGCAGGGCCCAAAG-1,0
CCCGCCATGCTCCCGT-1,2
CCCGCGCAATGCACCC-1,3
CCCGCTAGAGGGTTAA-1,2
CCCGGGTCGTTCAGGG-1,10
CCCGGTGGAAGAACCT-1,4
CCCGGTGTATCGGAAT-1,7
CCCGTAAGTCTAGGCC-1,4
CCCGTAGCTGGGAAGA-1,5
CCCGTCAGCGTCTGAC-1,6
CCCGTGAGGGCGGTGA-1,7
CCCGTTTCGCAGATGT-1,9
CCCTACTTGAACAATG-1,1
CCCTAGGCAACAAGAG-1,5
CCCTATGTAGAGCAGA-1,5
CCCTCAAGCTCTTAGT-1,3
CCCTCAGATCGAGAAC-1,10
CCCTCATCACAGAGTA-1,10
CCCTCATTCTGGAATT-1,2
CCCTCCTCGCTCGTAT-1,9
CCCTCGATAATACACA-1,1
CCCTCGGGAGCCTTGT-1,0
CCCTGAAATGAGTTGA-1,3
CCCTGACTAACAAATT-1,4
CCCTGATGTAACTCGT-1,3
CCCTGCCCAATCCGCT-1,3
CCCTGCGCTACGCATA-1,4
CCCTGGCTGTTCCTTC-1,7
CCCTGGTATGGGCGGC-1,2
CCCTTTAATGGAGTTC-1,1
CCCTTTGACAGGTCTT-1,5
CCGAAAGTGGTGAGCA-1,3
CCGAACACTGGGCCTC-1,7
CCGAACCTTCCCGGCC-1,1
CCGAAGGGCGTACCGC-1,2
CCGAAGTATATTGTTC-1,4
CCGACAAACACATGAG-1,2
CCGACAAAGGGAGTGC-1,4
CCGACAATAGGCCGCC-1,8
CCGACGGGCATGAGGT-1,7
CCGACGTAAACACAAC-1,0
CCGACTCGCATAGTCT-1,6
CCGAGAAGTCGCATAA-1,8
CCGAGCTGTGCTTGTC-1,0
CCGAGGGATGTTAGGC-1,0
CCGATATGACGTAAGG-1,8
CCGATCTCAACCTTAT-1,4
CCGATCTTAAGAGGCT-1,0
CCGATTCGAGGGACCC-1,3
CCGATTGGTCAATGAA-1,2
CCGCACAAAGACCAAC-1,9
CCGCACACGAACGTGT-1,8
CCGCACGTGACCTCGG-1,3
CCGCACTTGCAATGAC-1,1
CCGCATGTGGTACGAT-1,1
CCGCCACCACAATCCA-1,2
CCGCCGGAACTTCTCG-1,7
CCGCCGGTCAACACAC-1,2
CCGCCGTTGAGGATAA-1,8
CCGCCTGCGAATTGGT-1,0
CCGCCTTGCGATGTCG-1,7
CCGCGATTTGGTAGGT-1,3
CCGCGGAATGCGTCAC-1,5
CCGCGGGTACGAAGAA-1,3
CCGCGTAGGTAAGGGC-1,3
CCGCTATCAGCACCAG-1,5
CCGCTCCGGATAAGCT-1,10
CCGCTCTTCCGAACTA-1,1
CCGCTGGTGCCATTCA-1,0
CCGCTTACCTCACTCT-1,5
CCGCTTGCTGACATGG-1,0
CCGGAAGTGCAATATG-1,1
CCGGAAGTTATCAGTC-1,8
CCGGAATGGTTTCAGT-1,3
CCGGAGGTCTTATGGT-1,0
CCGGCACGACCGTTTC-1,6
CCGGCGCATATTGGAT-1,6
CCGGCGTGAGACTCTG-1,9
CCGGGACCCGCAGAGA-1,2
CCGGGCGGTCTCGTCA-1,6
CCGGGCTAAGAATTTC-1,1
CCGGGCTGCTCCATAC-1,3
CCGGGTTCGAGGTTAC-1,3
CCGGTAATGGCTAGTC-1,4
CCGGTTTGTAATTGTG-1,5
CCGTAAGTTGGTCCCA-1,6
CCGTACCCAAGCGCCA-1,2
CCGTAGGAAATCCCTG-1,1
CCGTAGGGTTGTTTAC-1,1
CCGTATCTCGTCGTAG-1,7
CCGTATTAGCGCAGTT-1,0
CCGTCAACCTCTGGCG-1,7
CCGTGAGGCATTCATG-1,8
CCGTGCCCATGACGGC-1,2
CCGTGGAACGATCCAA-1,2
CCGTGTTAAATTCCAT-1,5
CCGTTACGTTAGAACA-1,0
CCGTTCCGAATCTCGG-1,3
CCTAAAGGCTGACGCT-1,0
CCTAAATTAACGGTTC-1,7
CCTAAATTGTATCCTA-1,9
CCTAACTAAGGCTCTA-1,0
CCTACAAGTCCGGAAT-1,0
CCTACATTCACAGACG-1,5
CCTACGCGACCTTACA-1,0
CCTACGGCTCAGTCGA-1,3
CCTACTCAACACGATT-1,10
CCTACTGCGGCGGCCA-1,0
CCTACTGCTTACACTT-1,3
CCTAGGCGTAGCGATC-1,6
CCTAGGTAAAGGTAGC-1,1
CCTAGTTAGTCGCATG-1,0
CCTATACCGTCCTGTC-1,5
CCTATATCGTGTCACG-1,11
CCTATCTATATCGGAA-1,3
CCTATGAAGTGGTGCC-1,4
CCTATGGCTCCTAGTG-1,5
CCTATGGGTTACCGTC-1,4
CCTATGGTCAAAGCTG-1,1
CCTATGTCCACTCCAC-1,1
CCTATTATTCCGGCCG-1,5
CCTCAACGATCGCTGT-1,7
CCTCACCAATCTTGAC-1,3
CCTCACCTGAGGGAGC-1,6
CCTCACCTTAGCATCG-1,6
CCTCACGTCAGCTAAT-1,1
CCTCATGCAGCTACGA-1,2
CCTCCCGACAATCCCT-1,0
CCTCCGACAATTCAAG-1,4
CCTCCTAGCTAGAGTC-1,7
CCTCCTGAGCCCACAT-1,4
CCTCCTGTTGTGTCGT-1,1
CCTCGAAGTGGACGGG-1,0
CCTCGACCCACTGCCT-1,0
CCTCGCCAGCAAATTA-1,0
CCTCGCGCGATATAGG-1,0
CCTCGCGCTGTGCGAT-1,1
CCTCGGACCGGGATAG-1,9
CCTCGGATGCTACCTG-1,3
CCTCGGTTTCCTTGCC-1,10
CCTCGTTACGCCTGTT-1,0
CCTCTAATCTGCCAAG-1,2
CCTCTACAAGGATTGG-1,1
CCTCTATCGATTAGCA-1,7
CCTCTCTCCCATCTAG-1,3
CCTCTGGCCTAGACGG-1,6
CCTCTGTACTATTCTA-1,7
CCTGAATATTTACATA-1,6
CCTGACAAACTCGCGC-1,3
CCTGACCACCGATGGT-1,5
CCTGACGCAACCTTTA-1,0
CCTGAGAATAAATGCA-1,10
CCTGCCCGTTGTCTAG-1,4
CCTGCGTTCTACGCTT-1,3
CCTGCTATTTGAGAAG-1,4
CCTGGAAACGTTCTGC-1,8
CCTGGCTAGACCCGCC-1,4
CCTGGTCGAATGTGGG-1,1
CCTGTAAGACATGATA-1,4
CCTGTACTCACGCCCA-1,4
CCTGTCACCCGGGCTC-1,4
CCTGTCCCTCACGTTA-1,8
CCTGTCGCCCGTAAAT-1,4
CCTGTCGTGTATGAAG-1,11
CCTGTGAAACCGTAAC-1,3
CCTGTGCGGATTGTAA-1,2
CCTGTTCAACCTCGGG-1,10
CCTGTTTGAAGACACG-1,1
CCTTCCGCAACGCTGC-1,1
CCTTCGTATAGAATCC-1,1
CCTTCTCAGCGTTCCT-1,7
CCTTCTTGATCCAGTG-1,2
CCTTTCAATGAAGAAA-1,0
CGAAACATAGATGGCA-1,0
CGAAACGCAATTCATG-1,3
CGAACAGTATGGGCGT-1,9
CGAACATAGTCAGAAA-1,0
CGAACCCGCATGCGTC-1,5
CGAACCTCTTTCCTAG-1,1
CGAACGCCCAGTGCCG-1,2
CGAACGGCCGGACAAC-1,5
CGAAGACGGTGAGTGC-1,3
CGAAGCCACAGCATGG-1,1
CGAAGCTATAAATTCA-1,0
CGAAGGGTTTCAGATT-1,7
CGAAGTTGCTCTGTGT-1,4
CGAATCTGCTCGACGC-1,5
CGAATGAAGTCATTGC-1,5
CGAATGACGCATAATG-1,10
CGAATGGTAGGTCGTC-1,10
CGAATTACATGGTGTT-1,0
CGAATTCCCGGTTCAA-1,1
CGACAATTTGATCTAA-1,8
CGACACCGCTTAAGGA-1,0
CGACACGCTCCGACAG-1,9
CGACACGGATGCCCAC-1,0
CGACAGTTCGCGTTAT-1,3
CGACATGCGATCTTCT-1,2
CGACCCTTAACGCCGG-1,7
CGACCGTTGGTATTCG-1,10
CGACCTACTAGACAAT-1,9
CGACGCATCCGTACCT-1,7
CGACTCAGGATGTTAT-1,0
CGACTCGGTACACGGT-1,0
CGACTTGCCGGGAAAT-1,10
CGACTTTGTATAGCCT-1,6
CGAGACCCTAGAGTGT-1,5
CGAGACTACTGCTGCT-1,1
CGAGAGATGTGAACCT-1,2
CGAGAGCGCGTAGATA-1,9
CGAGAGCTTTCACTAC-1,1
CGAGAGGGTAGCCGCG-1,9
CGAGATTTCGCTCGGG-1,8
CGAGCACTTCAAGTTT-1,4
CGAGCGTTGATCAGCC-1,2
CGAGCTGGGCTTTAGG-1,0
CGAGGAGCTTCCATAT-1,0
CGAGGATCGGGAACGA-1,6
CGAGGCCAGGCATTGG-1,4
CGAGGCTAAATATGGC-1,6
CGAGGGACTGCGGTCG-1,8
CGAGGGTATCCAGGTG-1,10
CGAGTACTAAAGAGGA-1,5
CGAGTGAAGGTACCAG-1,7
CGAGTGCTATAGTTCG-1,2
CGAGTTCTGTCCCACC-1,2
CGAGTTTATCGGACTG-1,4
CGATAACCAATTTGAG-1,0
CGATAATACTCAGGTT-1,8
CGATAGCGATACAGTG-1,11
CGATAGTCGTACTGCA-1,1
CGATATTAGCCGCAGG-1,2
CGATCATTAGAGGCAC-1,0
CGATCCGACCCAGTGC-1,5
CGATCCTCGCAACATA-1,10
CGATCTGTTGGAGGAC-1,7
CGATGGACCCTACGCC-1,0
CGATGTTGTTATCTAC-1,5
CGATTAAATATCTCCT-1,1
CGATTCGCCTGGCTGC-1,1
CGATTTGTCATTAATG-1,10
CGCAAACACGAGTTAC-1,3
CGCAATCGATCATTAG-1,4
CGCAATTACTTTCGGT-1,3
CGCAATTAGGGTAATA-1,3
CGCAATTCTACAATAA-1,3
CGCACATGTCCACTAC-1,8
CGCACGTCTGTTTATG-1,10
CGCACGTGCGCTATCA-1,4
CGCAGAAACATTTGCG-1,0
CGCAGATCTTCACCCG-1,0
CGCAGGCGATCCAAAC-1,9
CGCAGTTCTATCTTTC-1,1
CGCATCATGGCTTCAG-1,0
CGCATCCATCAGCCAG-1,2
CGCATGCCGAATGCGT-1,1
CGCATGGTGCGATGCT-1,9
CGCATTAGCTAATAGG-1,2
CGCCAAGAAGCCGAGT-1,3
CGCCACAGGTCGCGAT-1,7
CGCCAGTAGTACCTTG-1,10
CGCCATCCGATTATGA-1,0
CGCCCAGCGTTTCACG-1,1
CGCCCGCTTCCGTACA-1,0
CGCCCTAATTGTTCAA-1,11
CGCCCTTACATCCACC-1,2
CGCCCTTGAAGGCTGA-1,4
CGCCGACTATTCGCTA-1,4
CGCCGCCCATGCCTGT-1,8
CGCCGGTGTCGCAGTA-1,0
CGCCGTCTACCCATCG-1,8
CGCCGTTCAGCATAGT-1,1
CGCCTCCCTCCTCTAT-1,9
CGCCTGGCCTACGTAA-1,4
CGCCTTTAGCATGCTC-1,8
CGCGAAGTGGCATACT-1,1
CGCGACACTGCGCAGC-1,3
CGCGACCGCGACAGAT-1,1
CGCGAGAGGGACTTGT-1,0
CGCGAGTCTGCCGGGT-1,7
CGCGCAAATGTCCAGA-1,7
CGCGCATGTTTGATTG-1,5
CGCGCCCGACTTAATA-1,3
CGCGGCAGTATTACGG-1,2
CGCGGCTCAACTTGAA-1,8
CGCGGGAATTAGGCAG-1,3
CGCGGGAATTCCTTTC-1,1
CGCGGTAAGTCTAGCT-1,0
CGCGGTACGGTATACA-1,1
CGCGGTCACAAACCAA-1,0
CGCGTACATTCTGGAA-1,2
CGCGTCATATTAAACC-1,0
CGCGTGGGCCTGTGTT-1,11
CGCGTTCATGAAATAC-1,4
CGCTACGGGACATTTA-1,3
CGCTAGAGACCGCTGC-1,4
CGCTATACCGCCCACT-1,2
CGCTATCGTGGCTTTA-1,0
CGCTATTCAATGTATG-1,3
CGCTATTCTTAGGCTC-1,4
CGCTCGACATAATGAT-1,2
CGCTCTCCGTAGATTA-1,3
CGCTGGTGACTACCCT-1,9
CGCTGTGACGCCGCAC-1,3
CGCTTAGTATTGATAC-1,10
CGCTTATTCCCGGTCG-1,4
CGCTTCCACTGAAATC-1,2
CGCTTCGGTCTAAGAC-1,1
CGCTTGGACGGATAGA-1,1
CGCTTTCATACCGGTG-1,2
CGCTTTCTTGCATTCG-1,6
CGGAAAGCAAATGTGC-1,2
CGGAAATTTCACATCC-1,2
CGGAACGTAAACATAG-1,5
CGGACCTTTACGTCCC-1,1
CGGACGTTACTTGAAG-1,7
CGGAGCAATTTAATCG-1,4
CGGAGCATGGCGATCC-1,9
CGGAGCTTATAACACC-1,6
CGGAGTCCTAACCTGG-1,0
CGGAGTTTGAGAGACA-1,3
CGGATAAGCGGACATG-1,3
CGGATCCTCAAGGACT-1,1
CGGATGAATGCTGTGA-1,10
CGGATTCTGCCTTATG-1,10
CGGCAAACATCGTGCG-1,7
CGGCACCGTTAGCGCC-1,0
CGGCACTCAAGAAAGT-1,2
CGGCAGGGTCGGGTTG-1,6
CGGCCACGCACAAAGT-1,3
CGGCCAGAGCGACCAT-1,10
CGGCCCAACCTGTAGT-1,2
CGGCCCAGGTATATCC-1,8
CGGCGCCATCAATCCC-1,1
CGGCTCTAAAGCTGCA-1,8
CGGCTCTTCGTCGAAC-1,0
CGGCTGAAGGTTACGC-1,0
CGGCTGCAAGATTAAG-1,0
CGGCTTTGTATGATAA-1,0
CGGGAACGCCCTGCAT-1,7
CGGGAAGTACCGTGGC-1,11
CGGGAATATAGTATAC-1,8
CGGGAATTTATGTAAA-1,7
CGGGAGCTTCAGTGTA-1,9
CGGGAGTATACCGCCG-1,3
CGGGATCAATGTAAGA-1,2
CGGGCAGCTAAACCGC-1,4
CGGGCCATAGCCGCAC-1,3
CGGGCCTTCTTTGTAA-1,5
CGGGCGATGGATCACG-1,1
CGGGCTACTTAAATTG-1,0
CGGGTGTACCCATTTA-1,6
CGGGTTCGGCACGTAT-1,0
CGGGTTTGTTAGGGCT-1,9
CGGTACGGCAAACCCA-1,7
CGGTACTAGAATCAAA-1,9
CGGTAGAGGTGCAGGT-1,0
CGGTATAGGTATTAGC-1,2
CGGTCAAGTGGGAACC-1,2
CGGTCAGTCCATATTT-1,1
CGGTCCATGAGACTCC-1,0
CGGTCTATCAACCCGT-1,0
CGGTGAAGACTAAAGT-1,4
CGGTGCAGATAGAACG-1,3
CGGTGCGCGTTGGTCC-1,7
CGGTGGGCTCCAGCCT-1,0
CGGTGTACTTGATCCC-1,3
CGGTTATCCAACAGTG-1,3
CGGTTCAAGTAGGTGT-1,0
CGGTTCCGGCTTCTTG-1,2
CGGTTGACCTGGCATA-1,3
CGGTTGAGTATCCTTC-1,1
CGGTTGGGTTCAAGTT-1,0
CGGTTTACTGAACATT-1,5
CGGTTTATGAAGGAAC-1,0
CGTAAACGCTTGAGTG-1,2
CGTAAAGCAAGAAATC-1,10
CGTAACGGAACGATCA-1,0
CGTAACTTCGACACTT-1,10
CGTAATATGGCCCTTG-1,1
CGTACCTGATAGGCCT-1,2
CGTAGAGAGTAATTAT-1,1
CGTAGCGAATTGTCAG-1,0
CGTAGCGCCGACGTTG-1,2
CGTATCTAGAACTAAG-1,1
CGTATTAAGAGATCTA-1,4
CGTATTGTTTCCTAAT-1,0
CGTATTGTTTGGCGCC-1,11
CGTCAAATGGTCGCAG-1,0
CGTCAAGGCTATAAAT-1,3
CGTCACGTCCATTGGT-1,5
CGTCAGCTATTTACTC-1,3
CGTCAGTGCGCACAAG-1,2
CGTCAGTTTATCGTCT-1,0
CGTCATACCATATCCA-1,3
CGTCCTCATCGCGTGC-1,1
CGTCGCATGTGAGCCA-1,1
CGTCGCGGCGGGATTT-1,6
CGTCGCTTGGTTATAC-1,7
CGTCGGATAGTGTTGA-1,6
CGTCGGGTCTAAGCGC-1,7
CGTCGTCCTTCGCGAA-1,9
CGTCTCTCGCCGAGGC-1,2
CGTCTGGAAGGGCCCG-1,0
CGTCTTGAGTGTGACG-1,8
CGTGAACTGACCCGAT-1,5
CGTGAAGTTAATTCAC-1,5
CGTGACATTGGGTCGT-1,2
CGTGACCAGTCCTCTG-1,10
CGTGCACACCACTGTA-1,1
CGTGCAGACTGGGACA-1,7
CGTGCATTGTCGACGC-1,3
CGTGCCCTCCCGAAGA-1,8
CGTGCTTCTACCTAAA-1,7
CGTGGAAGCCTCGTAC-1,8
CGTGGCCGAATATCTA-1,8
CGTGGTACCCAAAGGC-1,10
CGTGTATGGGAGCTGA-1,1
CGTGTCCCATTCGCGA-1,3
CGTGTCTCGTTACGAC-1,1
CGTGTGTTAAACCCTG-1,6
CGTTAAACTAGTTAGG-1,8
CGTTAAATACGACCAG-1,1
CGTTAGCTCACAACTG-1,0
CGTTATCATACTTCCA-1,11
CGTTCAAGGAAACGGA-1,10
CGTTCAGACCCGCGAA-1,1
CGTTCATGGTGCGCGT-1,5
CGTTCTTCGCACACCT-1,2
CGTTGAATACCGCGCT-1,7
CGTTGAGCGACCGTCG-1,7
CGTTGAGTAATTGCGT-1,0
CGTTGCCCGCGTGGGA-1,10
CGTTGTAAACGTCAGG-1,4
CGTTGTAAGATTGATT-1,0
CGTTGTCGGCAATTGA-1,1
CGTTGTTTCAATTCCC-1,4
CGTTTAAGCGGAGCAC-1,2
CGTTTACAAGGCAGCT-1,0
CGTTTCACTTCGGGCG-1,0
CGTTTCGCTCATTACA-1,4
CGTTTCGGTTATATGC-1,1
CGTTTGGTGTTGTGGG-1,1
CGTTTGTGTAGAGGGT-1,5
CTAAAGAATGCCTACT-1,3
CTAAAGGGAAATAGGA-1,5
CTAAATCCGGTGTACA-1,1
CTAAATCCTATTCCGG-1,2
CTAACCGCGCGCCCGT-1,3
CTAACGAAACTTGCTG-1,6
CTAACTGATAATCGCC-1,8
CTAACTGGTCCGGTTC-1,5
CTAAGGGAATGATTGG-1,9
CTAAGTACAGGGCTAC-1,0
CTAATTATGAAGCGTA-1,0
CTAATTCGCACGCGCT-1,4
CTAATTCTCAGATATT-1,2
CTAATTTCAACAACAC-1,3
CTACAAGAAATAACCC-1,5
CTACACTCGCAGATGG-1,9
CTACATATCGCGGGAC-1,7
CTACCCTAAGGTCATA-1,6
CTACGAACTAGGTCGA-1,0
CTACGACTAGCTATAA-1,3
CTACGATCCTATCCTA-1,5
CTACGCACGGAGTACC-1,4
CTACGCCATTTCCGAT-1,2
CTACTATCATAGGTTT-1,7
CTACTATCTTTCAGAG-1,3
CTACTCTAGGCCCGGC-1,3
CTACTGCCACCTGACC-1,2
CTAGACATATATGTAG-1,2
CTAGACTGCATTTCGT-1,0
CTAGATGTGAGTGTAA-1,6
CTAGATTTACGACGGC-1,8
CTAGCATAGTATAATG-1,6
CTAGCCACAGGCGAGC-1,1
CTAGCCGATGTTATGA-1,0
CTAGCGCCAATCCTAC-1,0
CTAGCTTAATGGTCCC-1,8
CTAGGGATAGGGACAA-1,10
CTAGGTCTGAAGGAAT-1,4
CTAGGTTCGGACGTGA-1,7
CTAGTAGAAAGGGATT-1,1
CTAGTATTCGGAATTA-1,0
CTAGTCACGTCTTAAG-1,9
CTAGTGAAGGACAGGA-1,3
CTAGTTACAACCCGGT-1,3
CTAGTTGGGCCCGGTA-1,4
CTATAAGAGCCAATCG-1,2
CTATAAGTAGGGTTTG-1,1
CTATAGGCGTTGATGT-1,1
CTATATCCAGCCTGGC-1,10
CTATCGACGAAATACA-1,9
CTATCGCGTAGAGAAC-1,1
CTATCGGGTCTCAACA-1,6
CTATGAACACCTTGCC-1,10
CTATGCCCGAATGCAA-1,10
CTATGGGAAGCGGAAT-1,9
CTATGTCACTAGCCCA-1,4
CTATGTCTATTGAAAC-1,2
CTATGTGAGTCACGGC-1,5
CTATTCATGTGTCCCA-1,1
CTATTGTGTTTGGTCA-1,0
CTATTTGCTTGGAGGA-1,1
CTATTTGGTTACGGAT-1,6
CTCAAACCACTGCCCG-1,1
CTCAACTAACCCGGAT-1,1
CTCAAGACATTAGCGC-1,0
CTCACACGCAAGCCTA-1,0
CTCACATTTACTAAAT-1,10
CTCACCAGTACAAGTG-1,3
CTCACCGATCCAAACT-1,0
CTCACTGTGATACTTA-1,1
CTCACTTGGCTGGTAA-1,4
CTCAGATTGTGATAAG-1,7
CTCAGCAGACTGCCGA-1,0
CTCAGGACTCACCTGT-1,2
CTCAGTCACGACAAAT-1,0
CTCATAAATGTGTATA-1,1
CTCATCACTTAGTGAT-1,6
CTCATGGCTCACAATC-1,6
CTCATGGTAATTTGCG-1,7
CTCATTAACGTTGCCC-1,0
CTCATTCGTGAACATC-1,4
CTCATTGCTCTAACAA-1,10
CTCATTTGATGGGCGG-1,2
CTCCCAATGAGTCGCG-1,8
CTCCCTCCTTTCGATC-1,7
CTCCCTTGTATCAAGG-1,1
CTCCGAGTAAATCCGC-1,0
CTCCGCCCACATGAGG-1,5
CTCCGGCCTAATATGC-1,2
CTCCGGCTTGTAGACA-1,4
CTCCTAAGTTATGTCT-1,2
CTCCTAGTAATCGTGA-1,10
CTCCTGTTCAAGGCAG-1,8
CTCCTTTACGCAAGTC-1,0
CTCGAATGGAACGTAT-1,0
CTCGAGACATACGATA-1,5
CTCGAGGCAAGTTTCA-1,10
CTCGAGGTCGAACAGT-1,4
CTCGATATTTGCGAGC-1,0
CTCGCACCTATATAGT-1,2
CTCGCATTGCATAGCC-1,11
CTCGCCGAATGTAGGG-1,1
CTCGCTAGGTAAGCGA-1,1
CTCGGGATAACACCTA-1,0
CTCGGGTTCTCTGGCC-1,7
CTCGGTACCACTGCTC-1,8
CTCGGTCCGTAGCCTG-1,3
CTCGGTTGTCGGCCCT-1,7
CTCGTCGAGGGCTCAT-1,11
CTCGTCTGTGCCTTCG-1,10
CTCGTTACGGCTACCA-1,10
CTCGTTTCTAATGTTT-1,0
CTCTAATGCATTGATC-1,0
CTCTACACTGGCGATT-1,7
CTCTAGCCCTCGGAAA-1,1
CTCTATTTGGCTGCAG-1,7
CTCTCACAATCGATGA-1,6
CTCTCGATGTGCGCCT-1,0
CTCTCGCTGTACTATG-1,4
CTCTCTAACTGCCTAG-1,11
CTCTGCAGGCATTCTT-1,1
CTCTGCGAAGCAAGCA-1,6
CTCTGGACGCCTGGTG-1,6
CTCTGTTTGAGGATTC-1,0
CTCTTCTATTGACTGG-1,8
CTCTTCTGGAAGTTAG-1,1
CTCTTGTCCCGCTTGG-1,7
CTGAAACGGCCCTCAG-1,0
CTGAAAGAGATCCGAC-1,6
CTGAATCCGAGACCTC-1,5
CTGAATTTATTGCCAG-1,0
CTGACATAGAAATAGA-1,8
CTGACTGCGCAGCTCG-1,3
CTGAGAAAGTTCGGCG-1,8
CTGAGAGTAGAAATAC-1,1
CTGAGCAAGTAACAAG-1,2
CTGAGCGAGACTTATT-1,2
CTGATAGTGTATCTCA-1,3
CTGATCCCTTTATGCA-1,10
CTGCAAGCACGTTCCG-1,1
CTGCACAACTACATAT-1,9
CTGCACCTAGTCCACA-1,2
CTGCACCTGGAACCGC-1,4
CTGCACTCCAGTACAG-1,10
CTGCAGAGAATCAGAG-1,1
CTGCAGGGTGACGCTC-1,1
CTGCCAAGGTTGGAAG-1,3
CTGCCATGCATCACAT-1,4
CTGCCCACGAAGCGTT-1,3
CTGCCTAGCCACCAAG-1,0
CTGCCTCATATGCAAC-1,6
CTGCCTTTAATACCTT-1,10
CTGCCTTTCTAGTAAA-1,1
CTGCGGGTGAAATGTT-1,3
CTGCGGTAGTCACGTG-1,0
CTGCGTTACGATATAA-1,0
CTGCTCTCAACACACC-1,1
CTGCTGAGGCCACGAA-1,5
CTGCTGTCTAACGAGC-1,8
CTGCTTGGCGATAGCT-1,5
CTGCTTTATGTCCGCG-1,2
CTGGAAATGGATGCTT-1,4
CTGGACGCAGTCCGGC-1,7
CTGGATTTACACTTGA-1,5
CTGGCATCCGAATGAG-1,7
CTGGCGACATAAGTCC-1,0
CTGGCGATTTACATGT-1,1
CTGGCGCACAGGTCTG-1,6
CTGGCGGGAATAAGTA-1,6
CTGGCTGATTCATCCT-1,8
CTGGCTGGTTGTCAGT-1,5
CTGGGATAAATAATGG-1,9
CTGGGATACGCTACCC-1,8
CTGGGCACTAGTCGGA-1,6
CTGGGCCTGCTATATC-1,5
CTGGGCGGCCAAATGT-1,0
CTGGGCTATCCTTTGG-1,0
CTGGGTAGGCAGTTAA-1,8
CTGGGTTGAGTTAAAG-1,7
CTGGTAAAGACTTACA-1,1
CTGGTAAAGTGTGGGC-1,1
CTGGTAACACATAGAA-1,8
CTGGTAACGAGCTCTT-1,6
CTGGTCATTCCAATCC-1,4
CTGGTCCTAACTTGGC-1,0
CTGGTGAATGGGCCTA-1,11
CTGGTTCAACGCATCA-1,2
CTGGTTCGCGAGCTAC-1,8
CTGGTTTCGAGCAAGA-1,9
CTGTACTTCTTAGCAT-1,5
CTGTAGCCATCTCACT-1,5
CTGTAGTGAGGATCGA-1,10
CTGTATGGTGTAGAAA-1,3
CTGTCAAATGGCTCGG-1,2
CTGTCACGCCAGGCGC-1,0
CTGTGCAGGGTAGGTC-1,9
CTGTGGTCGGGAGATA-1,9
CTGTTACCCAATCTAG-1,5
CTGTTCACTGCCTGTG-1,6
CTGTTCATCTCACGGG-1,4
CTGTTGGCTCTTCTGA-1,3
CTGTTGTTCAGTCGTA-1,5
CTTAAATAAGACCCAT-1,4
CTTAACTTACAGTATA-1,1
CTTAACTTCGAAGTAC-1,2
CTTAAGCAGCGAGCCG-1,7
CTTACACGGTATTCCA-1,4
CTTACACTGGGAAATA-1,2
CTTACTGACTCCTCTG-1,1
CTTAGCCCGGATAGTG-1,3
CTTAGCCTTCCACATG-1,3
CTTAGGTATAGACCAG-1,11
CTTAGGTCCCAATCGT-1,0
CTTAGTAGGCCTACAG-1,6
CTTAGTGTAGTAGCAT-1,1
CTTAGTTGAGGAATCG-1,10
CTTATAGATGGCTGTT-1,1
CTTATGCGCTCAGGGC-1,7
CTTATGTTGACTACCA-1,2
CTTCAACTCCACTTGG-1,1
CTTCACGCCCTGGTAC-1,10
CTTCAGTGGTCGCCTA-1,7
CTTCATAGCTCAAGAA-1,4
CTTCATTGTCAGTGGA-1,6
CTTCCTGCATATTTAC-1,0
CTTCGATTGCGCAAGC-1,1
CTTCGGCCAATTGTTT-1,8
CTTCGTAGATAGGTGA-1,3
CTTCTATGTTGAAGTA-1,5
CTTCTATTAATGCTAG-1,5
CTTCTGGGCGTACCTA-1,10
CTTCTTACGTCGTATA-1,0
CTTGACCCGAAAGATA-1,2
CTTGAGGTTATCCCGA-1,2
CTTGAGTTAGGGTAAT-1,9
CTTGATGACCATCCAG-1,1
CTTGCAACCGCCTCCT-1,4
CTTGCCCACCCACGCA-1,1
CTTGCCCAGGCTCTAC-1,5
CTTGTACTTGTTGACT-1,6
CTTGTCAACATTCGAG-1,5
CTTGTGAGTCTTTGAC-1,2
CTTGTGCTCACCGATT-1,0
CTTGTTGCTGAGTCAA-1,8
CTTGTTTATGTAGCCA-1,4
CTTTAACTTTCAAAGG-1,2
CTTTAATATTGGTCGA-1,7
CTTTACCGAATAGTAG-1,9
CTTTAGGAACACTGTT-1,8
CTTTAGTGCTATTATT-1,7
CTTTCTGTGCGGGCTT-1,1
CTTTGAAACATATTCC-1,0
CTTTGACGTCGCTTCT-1,5
CTTTGCATCGCTCTTG-1,10
CTTTGCTGTCATGGAT-1,8
CTTTGGCAGACAGAGT-1,0
CTTTGGCGCTTTATAC-1,3
CTTTGGCTTTAGTAAA-1,3
CTTTGGGATTGTTGCA-1,5
GAAACAGATGACCACC-1,9
GAAACAGCCATGCAGT-1,6
GAAACATAGGAAACAG-1,5
GAAACCATGGTGCGCT-1,2
GAAACCGAATTACCTT-1,5
GAAACTCGTGCGATGC-1,3
GAAACTCTAATGAAGG-1,0
GAAAGAACAGCGTTAT-1,4
GAAAGCAGTGCACTTT-1,1
GAAAGCCCTTTGGACC-1,3
GAAAGTGACTAACTGC-1,3
GAAATACCTGCTGGCT-1,0
GAAATACTAAACGTTT-1,3
GAAATATCACCATCAG-1,4
GAAATATGCTTGAATG-1,0
GAAATCGCGCGCAACT-1,0
GAAATCTGACCAAGTT-1,4
GAAATGGCGGTGTTAG-1,4
GAAATGGGATGTAAAC-1,4
GAAATTAGCACGGATA-1,2
GAAATTCACATCGCTG-1,2
GAAATTGTCTCTATAA-1,5
GAACAACTGGGATGAA-1,1
GAACACACATCAACCA-1,6
GAACAGATTACTAAAT-1,1
GAACATTAGTATGTTA-1,0
GAACCATCTGGGAGAC-1,2
GAACCCTCTGTGTTCT-1,1
GAACCTCGACCTACAC-1,9
GAACCTTTAACGATCC-1,1
GAACGACCGAATGATA-1,2
GAACGATAAGTTAAAG-1,6
GAACGCGGGTCACACG-1,8
GAACGGTGTAAAGCAG-1,0
GAACGTCTCATGGTCG-1,6
GAACGTTAGGAAGACG-1,3
GAACGTTTGTATCCAC-1,1
GAACTGTGGAGAGACA-1,1
GAACTTAGCGCCCGGT-1,0
GAACTTGTGCACGGGA-1,0
GAAGAAACGATATTGT-1,7
GAAGAACGGTGCAGGT-1,2
GAAGACTTCAATGCCG-1,0
GAAGCCACTGATTATG-1,1
GAAGCCGGGTAAGCTC-1,4
GAAGCCTGCACATTCC-1,5
GAAGCGTGAGGAATTT-1,4
GAAGCTCGGACCCGTC-1,7
GAAGCTTGCTGACCGC-1,3
GAAGGAGTCGAGTGCG-1,1
GAAGGCTACCATTGTT-1,6
GAAGTCAGTTGCACTA-1,5
GAAGTCTCCCTAGCGA-1,8
GAAGTGATTTATCGTG-1,5
GAAGTGCTGGATAGCT-1,0
GAAGTTTCCACTCAAT-1,4
GAATAGACGCGACCCA-1,8
GAATAGCATTTAGGGT-1,8
GAATAGCCCTGCGGTC-1,0
GAATAGTGCTCGATTA-1,7
GAATATTCGGAGTCCC-1,0
GAATCGACATGGTCAC-1,3
GAATCGCCGGACACGG-1,2
GAATCTATACTCGGAC-1,2
GAATCTGAACATTCTC-1,7
GAATGAAGGTCTTCAG-1,0
GAATGCCGAAATGACC-1,3
GAATGCGAATCGGTTC-1,1
GAATGGGCTTATCGAC-1,7
GAATGTATGGCAGGTC-1,0
GAATGTGGTCCGGATT-1,9
GAATGTTGGGTAATCT-1,2
GAATTATAGTGAAAGG-1,6
GAATTATGCAACCTAC-1,0
GAATTCACCCGGGTGT-1,5
GAATTTCTCGCTGCAG-1,3
GACAAACATATGCAGG-1,8
GACAACGACCATTGAA-1,2
GACAACGCAGCTTACG-1,6
GACAAGACGCCCGTGC-1,1
GACAAGAGATGAGATT-1,1
GACACAAGGGAAGAAA-1,3
GACACAGCCGGGACTG-1,1
GACACGAGTTAGAGGA-1,3
GACACTGAGTTCAGTG-1,5
GACACTTCCAATTACC-1,1
GACAGATTTCTGGCTC-1,9
GACAGCCAGACCTGAC-1,8
GACAGGCACACACTAT-1,3
GACAGGTAATCCGTGT-1,1
GACATACTGTCGCAGA-1,3
GACATCCGTCGAACTG-1,1
GACATCGATTTATAAC-1,11
GACATTTCGCCCAGCC-1,10
GACCAAACGTTGACTG-1,1
GACCACACTTCCCTTT-1,1
GACCAGAGCCCTGTAG-1,4
GACCAGGTCATTCATA-1,2
GACCCAATTATGATAC-1,7
GACCCGTCGCCGGCTA-1,0
GACCGACGTGAAAGCA-1,4
GACCGACTGAAGCGTC-1,3
GACCGATTAAATATGT-1,7
GACCGCGTCTGACGTG-1,8
GACCGGTGATACTCTC-1,7
GACCGTCAGGTCGTGA-1,0
GACCGTGCTGACGGTG-1,5
GACCGTTACATGCGAC-1,4
GACCTTCCACGTCTAC-1,1
GACGACGATCCGCGTT-1,1
GACGAGGCTAATAAAC-1,9
GACGATATCACTGGGT-1,10
GACGCATACCCGTCGG-1,5
GACGCCGTAAAGGCTA-1,5
GACGCCTGTTGCAGGG-1,2
GACGCTTGCTTCTAAA-1,3
GACGGACCGCGTTCCT-1,2
GACGGGCATCGAATTT-1,1
GACGGTCAATAGAAGC-1,6
GACGGTCCTAGGGTGT-1,8
GACGTGAGACTCCATG-1,2
GACGTGTAGGGATTAT-1,4
GACGTTCGTAAATACA-1,0
GACGTTGCTCGGCGGC-1,10
GACTAACACAGCACCT-1,0
GACTAAGATCATGCAC-1,2
GACTAAGTAGGCTCAC-1,3
GACTACAAAGCGGTGG-1,7
GACTACAATTGCTCGT-1,0
GACTAGGCCGTTAGGT-1,1
GACTCACCCACGTGAG-1,4
GACTCCCAGAATAAGG-1,0
GACTCCTTCCAATTGA-1,9
GACTCGCGGGAATGAC-1,6
GACTCGGTCGGCGGAT-1,2
GACTGATTGGTCACAA-1,0
GACTGCAAATCGAGCT-1,1
GACTGCACCAGCCCAG-1,9
GACTGCGGCACGTGTA-1,3
GACTGCTGGTGAGAAA-1,10
GACTGGGCGCCGCAAC-1,0
GAGAAACTGGATCCCA-1,1
GAGAACGGTTCTGACT-1,1
GAGAATCTCACGATCA-1,3
GAGACCCTGCAACGCC-1,0
GAGACTGATGGGTAGA-1,4
GAGACTTCGCGACCGA-1,5
GAGAGCGCAGTCCCTG-1,4
GAGAGGCCTATGTGTA-1,1
GAGAGGGCGCGAGGTT-1,4
GAGAGGTGCATTCTGG-1,5
GAGAGTCTCGGGAGAG-1,10
GAGATCGATCTTACTC-1,11
GAGATCTGCTTGGCAT-1,4
GAGATCTGTCACTCCG-1,3
GAGATCTTCCATGACA-1,9
GAGATGACAATCCTTA-1,2
GAGATGGCTTTAATCA-1,1
GAGATGGGAGTCGACA-1,1
GAGCACGGCGCCTCTT-1,8
GAGCATCAACAACTTG-1,10
GAGCATCATCCCTGGG-1,2
GAGCCACGGTAGTAGG-1,2
GAGCCAGCTACCTGTG-1,9
GAGCCGAGCGTTTATT-1,0
GAGCGAGGGAGTACCG-1,6
GAGCGCAAATACTCCG-1,9
GAGCGCGCACGAGTAG-1,9
GAGCGCTGTTAGGTAA-1,5
GAGCGGAATGCGGTGT-1,10
GAGCTAAGGGCATATC-1,3
GAGCTCTCGGACCTAA-1,3
GAGCTGTCGTCTCGGA-1,0
GAGGAATATCTCTTTG-1,10
GAGGAATGGAGAGGTT-1,3
GAGGATAAACAGTGCT-1,8
GAGGCATTTGCAGCAG-1,0
GAGGCCCGACTCCGCA-1,7
GAGGCCTGTTGATACA-1,10
GAGGCTATCAAAGTCG-1,4
GAGGGAGTCAGATCGC-1,10
GAGGGCATCGCGTATC-1,2
GAGGGCCATAATATTA-1,0
GAGGGCCGGCAGAGTC-1,0
GAGGGCGCAGCTCTGC-1,2
GAGGGTAGTAACAAAG-1,7
GAGGTACATCCATCTT-1,2
GAGGTACGCGTGTCCC-1,1
GAGGTCCCAAAGATCT-1,4
GAGGTCCGTTCGCTGT-1,1
GAGGTCTTAGTGGGTC-1,0
GAGTAAACCGGAAAGT-1,8
GAGTAAATTAAGAACC-1,1
GAGTAAGGCCACGGGA-1,5
GAGTACGGGTATACAA-1,6
GAGTAGATACTAGTTG-1,1
GAGTATACCCTAATCA-1,10
GAGTATCAAAGTTACA-1,1
GAGTATGCCCGCCTTG-1,5
GAGTATGCGCGTGCAT-1,1
GAGTCCGCTTACCGGA-1,1
GAGTCGACAGACCCTC-1,4
GAGTCTTGTAAAGGAC-1,5
GAGTGCACGGACAACA-1,0
GAGTGTCAACCAGAAA-1,1
GAGTGTGCGGTACCCA-1,9
GAGTTGATGGCAATTT-1,10
GAGTTGTCACCAGTCT-1,11
GATAAATCGGTGGATG-1,6
GATAACTCGCACTGTG-1,8
GATAAGGCAGATGCAA-1,2
GATACCGTGTCGGAGT-1,8
GATACGATGGGAGTCA-1,7
GATAGAACCCGCTAGG-1,1
GATAGATAGTACAGTC-1,1
GATAGGATTAATTACA-1,8
GATAGGTAACGTTGAC-1,5
GATAGGTGTCCCGGGC-1,8
GATAGTGCGAGTAAGT-1,10
GATATCTCATGCAATA-1,2
GATATGAGACACTAAC-1,8
GATATGCGGTAGCCAA-1,0
GATATGGATTACGCGG-1,3
GATATTGAGATTGGCG-1,6
GATATTTCCTACATGG-1,0
GATCAACATAAAGGGA-1,1
GATCATTCCAAACATT-1,4
GATCCAACCTTTAAAC-1,10
GATCCCTTTATACTGC-1,4
GATCCGAATATAAGTG-1,8
GATCCGGGAATTAACA-1,9
GATCCTAAATCGGGAC-1,4
GATCCTCGACACTGGC-1,5
GATCCTCTTGCGCTTA-1,0
GATCGACACTATCTGA-1,4
GATCGCGGGCTCTCCA-1,4
GATCGCTACCCGATTT-1,9
GATCGCTATATCTCAG-1,5
GATCGCTGTGGTGCGT-1,1
GATCGGATAGAACCAT-1,3
GATCGGCGATAAGTCG-1,4
GATCGGTGGCCATAAC-1,2
GATCGTGACTGATATC-1,9
GATCTAACCGTATTCA-1,7
GATCTCGACGCTGTGG-1,8
GATCTGCTATCTAAGG-1,5
GATCTTAGTGAACGTG-1,3
GATCTTCATTGTCCTC-1,3
GATCTTGGAGGGCATA-1,7
GATCTTTGCAGGGTAT-1,3
GATCTTTGCTCAAAGA-1,0
GATGACAAGTAGGGCA-1,7
GATGACGATGATCGCG-1,0
GATGAGGAACCTTCGG-1,1
GATGCCAGCAGAAGGC-1,3
GATGCCTTCTGCGGCA-1,5
GATGCGAATGGTATTA-1,3
GATGCGTCCTGCATTC-1,4
GATGCTACAAGCGCCT-1,6
GATGCTGTATTTCATC-1,9
GATGGCGCACACATTA-1,3
GATGGTGAAATAACCC-1,0
GATGGTGCCCTAGGCA-1,2
GATGTAACGAACCACC-1,7
GATGTCCGGATCACAT-1,2
GATGTCGGTCAACTGC-1,0
GATGTGTTGTCACAAG-1,0
GATGTTCAATCCACGA-1,5
GATGTTTGTGCGAGAT-1,3
GATTAACCGAAAGCCC-1,9
GATTACTGAATTTGGG-1,3
GATTCCCTTGTCGCAG-1,2
GATTCCGCGTTTCCGT-1,0
GATTCCTATACGGCGC-1,4
GATTCGACGGTTCACG-1,9
GATTGACACTCTGCTC-1,2
GATTGCTCCAGTTGCA-1,7
GATTGGGAAAGGTTGT-1,1
GATTTAGTGCGTACTG-1,0
GCAAACCCTACATTAT-1,9
GCAAACCTTGGCCATA-1,1
GCAAACGTAAGCGACC-1,11
GCAAACGTCGCCAGGT-1,8
GCAAAGGGCGTTAGCC-1,5
GCAAATATTACGCTTT-1,4
GCAAATGAGGACACTT-1,3
GCAACACACTAGAACT-1,9
GCAACAGCAGTATGCG-1,8
GCAACCACCAGACCGG-1,0
GCAACCACGGCCGCGT-1,5
GCAACCCAAGTTGTTT-1,4
GCAACGGCTAGTTATG-1,8
GCAAGAATTCCTTGGC-1,11
GCAAGATGTGTTCGCG-1,0
GCAAGCTGGAAACCGC-1,7
GCAAGTGCACAGAGAA-1,4
GCAAGTGTAAAGCATG-1,10
GCAATTAGTCGCACCG-1,6
GCACAAACCCTAGATG-1,5
GCACAAACGAGGCGTG-1,8
GCACAAGTGGATCATA-1,2
GCACAAGTGTCGGAAG-1,2
GCACACACTGGTAGCC-1,7
GCACACGCCCATGGTC-1,3
GCACAGCACGGGCCGA-1,10
GCACCTAGGCGAGTCC-1,1
GCACCTTCCCGAAGGT-1,1
GCACGCCTACTTAGAT-1,5
GCACGTGGTTTACTTA-1,1
GCACTAGTCGCGCTAT-1,2
GCACTGCCTACCTTTA-1,1
GCACTGTGCAAATGTA-1,2
GCAGAAACGTAATCCA-1,0
GCAGAAGGTAATCTCC-1,8
GCAGACCCAGCACGTA-1,4
GCAGATCCATAAGACT-1,9
GCAGATCCTCGCAAAT-1,4
GCAGATTAGGGATATC-1,4
GCAGCACACAGCCCAG-1,3
GCAGCCTATATCACAT-1,6
GCAGCTATGGACAGGT-1,0
GCAGCTGTCAACGCAT-1,1
GCAGGAACTTAGATCT-1,7
GCAGGACTATAGAATA-1,3
GCAGGTAGAGTATGGT-1,0
GCAGTGCGGGCGGATG-1,1
GCAGTGTGGCTATAGG-1,9
GCAGTTCGATCCGAGC-1,8
GCATAAATTGAACGCC-1,0
GCATACGAGGTCTTTA-1,4
GCATAGAGCACTCAGG-1,4
GCATCCCTAACTTTGA-1,6
GCATCGGCCGTGTAGG-1,1
GCATGACACAAAGGAA-1,1
GCATGAGGGACGCGGC-1,6
GCATGCTAATAACGAT-1,1
GCATGGGTACTGACGC-1,7
GCATTCAAGGCAACGC-1,2
GCATTCGAAATGAACA-1,3
GCATTGACTTGCGGAA-1,7
GCATTGTAATTCATAT-1,4
GCATTTCCAAGGCTCC-1,6
GCCAACCATTTCCGGA-1,0
GCCAAGAATACTTCTG-1,9
GCCAATAGGGCATCTC-1,2
GCCACAATTTAAGGAC-1,5
GCCACCTTATTCGCGA-1,10
GCCACTCAGAGCGCGA-1,1
GCCACTCCTTACGGTA-1,8
GCCAGGAAAGAACACT-1,10
GCCAGGAGTAACCGAT-1,0
GCCAGGCGTTCGCATG-1,0
GCCATATTGCACACAG-1,0
GCCATCGAGCTGCGTG-1,5
GCCATCGATGCTGCAT-1,6
GCCATTAGCCTCAAAC-1,7
GCCCACCAAGGCTGTC-1,2
GCCCACTGGTCCACAA-1,0
GCCCAGATGCTGGAGA-1,8
GCCCAGTTGGTATGCC-1,4
GCCCATGGGTGCAATG-1,0
GCCCGACTTCTTCCCG-1,7
GCCCGATCTGTGGTCG-1,1
GCCCGATGCCCAGTTC-1,10
GCCCGCGCGTAAACGG-1,5
GCCCGCGCGTTTGACA-1,2
GCCCGTAATACCTTCT-1,2
GCCCGTCAAGCCCAAT-1,1
GCCCTAGCCGTCGCGA-1,7
GCCCTGAGGATGGGCT-1,1
GCCGAAATTCCTACGT-1,4
GCCGACCCACGACTGC-1,7
GCCGATTGGCCAAGCT-1,4
GCCGCACTCCGTTTCA-1,8
GCCGCATTAGTCCGGC-1,3
GCCGCTAGATACGCAG-1,0
GCCGCTTGTGAGAAAC-1,4
GCCGGAAACACATCTT-1,2
GCCGGGTTAGGGTCGC-1,9
GCCGGTCGTATCTCTC-1,1
GCCGTCGGTTTCGGGC-1,10
GCCGTGGAAGAAATGT-1,4
GCCTACGTTCTGTGCA-1,1
GCCTAGCGATCTGACC-1,2
GCCTATAGTGTCAGGG-1,6
GCCTATCAGGTAAGAT-1,1
GCCTATGCTGGGCCTT-1,0
GCCTATTCCGATATAG-1,3
GCCTATTTGCTACACA-1,2
GCCTCAGGTACCGGTC-1,10
GCCTCATCTGGAAATA-1,8
GCCTCCGACAATTCAC-1,1
GCCTCTATACATAGCA-1,11
GCCTGCTACACTGAGA-1,2
GCCTTCAGCCCTACCG-1,2
GCCTTGTATATGCAGT-1,3
GCCTTTGTCAGTGGAC-1,11
GCGAAACTTAACTGGA-1,9
GCGAAGAATCTGACGG-1,1
GCGAAGCCATACCCGT-1,4
GCGACATGTAAACATC-1,6
GCGACCCAACCATCTG-1,5
GCGACGATAGTTGTAC-1,5
GCGAGAAACGGGAGTT-1,2
GCGAGAGGCCATGTAA-1,0
GCGAGAGTTGCGTCCA-1,6
GCGAGCGCATGCTCCC-1,6
GCGAGGCCCGAGCAGA-1,3
GCGAGTTCTGCAAAGA-1,6
GCGATGTCTGTGCTTG-1,3
GCGATTCTGGAAGCAG-1,0
GCGATTGTTAACGTTA-1,9
GCGCAAATATATTCAA-1,7
GCGCAAGAGCGCGCTG-1,4
GCGCATCCAGTCAGCA-1,6
GCGCCGTTCCACGATA-1,9
GCGCCTCCCACTCCGA-1,8
GCGCGGTCTAGTAACT-1,1
GCGCGTCATTGGTACA-1,5
GCGCTAAGTATGCATG-1,2
GCGCTAATTGAATAGA-1,6
GCGCTATGCCGAGGCA-1,4
GCGCTCGATCACCTGT-1,8
GCGCTGATCCAGACTC-1,0
GCGCTGCTTTGCATTT-1,6
GCGGACCGCGTTGTGG-1,5
GCGGAGAAACTTCGCA-1,7
GCGGAGAGGGAGAACG-1,9
GCGGATTACTTGTTCT-1,1
GCGGCAAAGTATTGCC-1,7
GCGGCTCTGACGTACC-1,3
GCGGCTTTAGCAAGTT-1,10
GCGGGAACCAGGCCCT-1,6
GCGGGCATTACGATGC-1,2
GCGGGCGAGCCTTACC-1,1
GCGGTCCCGGTGAAGG-1,0
GCGGTCCCTAGACGCA-1,2
GCGGTCTTGCTTTCAC-1,1
GCGGTGAACTGCGCTC-1,0
GCGGTGCGGAGCATCG-1,3
GCGGTTCCCTATCATG-1,5
GCGTAAATGGCCATAA-1,6
GCGTCCCTAAGACATA-1,1
GCGTCGAAATGTCGGT-1,6
GCGTCGCCAGGGTGAT-1,1
GCGTCTAACCTCCTAA-1,2
GCGTCTCTGCATTGGG-1,3
GCGTGGTACTGGGTTA-1,4
GCGTGTATGTCGTATT-1,0
GCGTTATATTTGGAAC-1,3
GCGTTCGGAGACCGGG-1,0
GCGTTCTGACTAAGCG-1,8
GCTAAACCTGAGGTGA-1,4
GCTAAGCCCAGTATGC-1,1
GCTAAGTAAAGGCGAT-1,3
GCTAAGTAGTTTCTCT-1,6
GCTAATACCGAATGCC-1,2
GCTACAATCGAGGATA-1,1
GCTACAGTACGGACCG-1,7
GCTACGACTTATTGGG-1,7
GCTACTATAGTAGAGT-1,9
GCTACTCGGACGCAGA-1,5
GCTAGACCGTCTACTG-1,4
GCTAGCACCTGGGCCA-1,8
GCTAGCAGGGAGTGGG-1,0
GCTAGCGATAGGTCTT-1,10
GCTAGCTTGAATAGCT-1,5
GCTAGGCACCACGGAG-1,9
GCTAGTAGAGCTTGTA-1,3
GCTAGTTTCATTGAGG-1,4
GCTATAAGGGCCAGGA-1,1
GCTATCGCGGCGCAAC-1,3
GCTATGCCAGCTTATG-1,7
GCTCAACCTCTTAGAG-1,2
GCTCAATCCGTTTATT-1,7
GCTCAATGTAATACCG-1,5
GCTCATTACTGCATGT-1,0
GCTCCATGAGTGCAGA-1,8
GCTCCATGCAAAGCAA-1,1
GCTCCCAGTCGGTCCA-1,4
GCTCCGCTCGCTTCAG-1,8
GCTCCGGACGTTGATA-1,0
GCTCCTGACATACTGG-1,7
GCTCGACCGAACTGAA-1,0
GCTCGCGGTTCCGCTC-1,3
GCTCGCTCATGTCCAA-1,8
GCTCGGAATTTAAAGC-1,0
GCTCTAAACCCTGACG-1,6
GCTCTATGTTACGTGC-1,3
GCTCTCGGGTACCGAA-1,2
GCTCTTTCCGCTAGTG-1,10
GCTGAACTCTCCAGGG-1,8
GCTGAAGGGTTCTTGG-1,11
GCTGAATCTTCCAATC-1,5
GCTGAGCAACGGTTCT-1,6
GCTGAGGCGTGAGTAT-1,3
GCTGCACGGTTTCTTA-1,9
GCTGCGCCTCCCACGT-1,3
GCTGCTAAGTAGTCGA-1,1
GCTGCTACTGCGTAGC-1,7
GCTGCTCTCCGGACAC-1,4
GCTGGACCCAAAGTGG-1,0
GCTGGCAGGTGCCGTG-1,4
GCTGGCATATTCACCT-1,4
GCTGGCGGCGCATGCT-1,10
GCTGGGAGCGCGTCAA-1,10
GCTGGTGACTCGTAGT-1,0
GCTGGTTTAGGCCATA-1,11
GCTGTATTACTGGCCC-1,5
GCTGTCTGTGATCGAC-1,6
GCTGTTGCTACCGAAC-1,9
GCTTAATGTAACTAAC-1,8
GCTTACGTAGTTAGTA-1,4
GCTTAGGGAAGCGGTA-1,0
GCTTATGAAGCAGGAA-1,6
GCTTCAGTGGGATTAC-1,2
GCTTCCATGTAACCGC-1,1
GCTTCCGTCCCTAGAC-1,3
GCTTCGACGTTCAATC-1,7
GCTTGAGTGACCTCTG-1,1
GCTTGATGATAATCAG-1,4
GCTTGCAGCACAATTG-1,0
GCTTGGATCGATTAGG-1,3
GCTTTACACAACTGGG-1,1
GCTTTCAGAGGAGGTG-1,6
GCTTTCTATCTCAACT-1,0
GCTTTGCTGCCGGGTA-1,0
GGAAACAGAGCTTGGG-1,10
GGAAACCTTGTTGAAT-1,0
GGAAACTAAATGGGCC-1,1
GGAAAGTGCCCATGCC-1,0
GGAACCCGAACAAGAA-1,3
GGAACCGTGTAAATTG-1,5
GGAACCTTGACTCTGC-1,7
GGAACGGCCTGCAGCC-1,3
GGAACTTTGGCGATTA-1,1
GGAAGATAAGACTGTA-1,0
GGAAGCTCGCTTACAG-1,0
GGAAGGACACCGTATA-1,1
GGAATAACCTCAAGAA-1,0
GGAATGCGCTAGCGTG-1,6
GGACAACCATGAAGCC-1,1
GGACAAGTTGCAGTGA-1,3
GGACACAAGTTTACAC-1,8
GGACCAACAGGATAAC-1,1
GGACCTACGGTAACGT-1,0
GGACCTCTAGGCCGCC-1,7
GGACGGCTTGCGCAAC-1,2
GGACGGGCGACCAACC-1,1
GGACGTCCATAGTTGG-1,0
GGACTAAGTCAGGAGT-1,4
GGACTCACAAATTAGG-1,8
GGACTCGAAGCTTTCA-1,1
GGACTCGACAGCGCAT-1,10
GGACTCGTGAGTGGTC-1,10
GGACTCTTCCGGTTGA-1,1
GGACTCTTTGACTAAG-1,1
GGAGAAGTCATTGGCA-1,2
GGAGACCAATGTGCTT-1,0
GGAGACCATCTACATA-1,5
GGAGACGACACCTTTG-1,7
GGAGCAACATTTCAAG-1,1
GGAGCACCAAGAACTA-1,2
GGAGCGAGGCCTACTT-1,1
GGAGGATTGAAAGGAG-1,0
GGAGGCCGAAGTCGTC-1,4
GGAGGCGAAGAACCGC-1,0
GGAGGGCTTGGTTGGC-1,6
GGAGGGTCAAGTAAGA-1,10
GGAGTGCCGCCCTGGA-1,3
GGAGTTGATTCTGTGT-1,1
GGATACTCATGAATTG-1,2
GGATCAAAGGACGAGG-1,0
GGATCAGAGCCATCAG-1,7
GGATCATCCCGTACGC-1,0
GGATCCGGAATATACT-1,6
GGATCTACCGTTCGTC-1,10
GGATCTTACTGCCCTT-1,1
GGATCTTGACTCAACC-1,5
GGATGAAGATCGCTGA-1,8
GGATGACGCGAGTTTA-1,3
GGATGCTGGCGTTCCT-1,3
GGATGGCTTGAAGTAT-1,1
GGATGTCCTTACCGCA-1,6
GGATTAAGCTAAGGTC-1,0
GGATTAATCATGGACC-1,1
GGATTCAGTACGGTGG-1,3
GGATTCCGCTATACCC-1,0
GGATTGCTGTGACTCC-1,7
GGATTTCACTTCTATA-1,6
GGCAAAGGCGCCAATA-1,5
GGCAAATTACTTTACT-1,5
GGCAAGCCAGGGATAG-1,0
GGCAAGCCCATAGTGG-1,1
GGCAAGGCGAAATAGC-1,7
GGCAATAGTCAATGAG-1,4
GGCACGCTGCTACAGT-1,1
GGCACTCAGCCGACCC-1,8
GGCACTCCACTGGGCA-1,4
GGCACTGCGGTGGTTT-1,1
GGCAGAGAGATCGGGA-1,4
GGCAGCAAACCTATGC-1,9
GGCAGCGGTAATCCTA-1,0
GGCATACAGGTAGCGG-1,4
GGCATATCGGTTCTGC-1,0
GGCATCAACGAGCACG-1,0
GGCCACACGAAAGCCT-1,3
GGCCCAATCTAGAGGG-1,0
GGCCCAGCTGGTTTGC-1,1
GGCCCAGTTATCAGCA-1,0
GGCCCGGAGCATGTCT-1,6
GGCCCGTATACCATGC-1,2
GGCCCTCACCCACTTA-1,3
GGCCGAGACTCTGGTG-1,7
GGCCGCAGGAACCGCA-1,1
GGCCGGCGTCTGCTAT-1,1
GGCCTGCTTCTCCCGA-1,1
GGCCTTTGCAACTGGC-1,4
GGCGAAATCTAACTTG-1,9
GGCGAACCGTTCTGAT-1,0
GGCGAGCGAAACGGCA-1,7
GGCGCAGGACATCTTC-1,3
GGCGCATGAATTGATG-1,5
GGCGCGTTCGAGTTTA-1,5
GGCGCTCCTCATCAAT-1,3
GGCGCTTCATTCCCTG-1,1
GGCGGAGTAATATTAG-1,4
GGCGGGCTCTAAGAGT-1,8
GGCGGTAGGATCATTG-1,6
GGCGGTTTGCCGGTGC-1,2
GGCGTAGGGAAAGCTG-1,1
GGCGTCCTATCCGCTG-1,4
GGCTAAAGGGCGGGTC-1,0
GGCTAATGATTGAAAT-1,0
GGCTACTATACACTCC-1,1
GGCTATTAAGTTGTAT-1,4
GGCTCCTCCACCTGTT-1,5
GGCTCGCGTTGAGGTA-1,3
GGCTCGTGCCACCAGC-1,2
GGCTCTGCTCCAACGC-1,2
GGCTGAAATAGCAAAG-1,9
GGCTGAGCATCGTAAG-1,0
GGCTGGCTAGCTTAAA-1,2
GGCTTGGCTCTCACCT-1,2
GGCTTTCAATAAGGGT-1,5
GGGAAAGAATGCCAAC-1,1
GGGAACGGGAGGTTAG-1,4
GGGAACGGTTTCAGAT-1,1
GGGAAGACGGTCTGTC-1,1
GGGAAGGGCTTTCTCA-1,1
GGGAATGAGCCCTCAC-1,0
GGGAATTCTGTCCAGT-1,4
GGGACAGAGTTACTCC-1,11
GGGACCCGTATATCTT-1,5
GGGACTGCATAGATAG-1,4
GGGAGAACTCACAGTA-1,6
GGGAGCGACCGTAGTG-1,1
GGGAGGATGCCCGAAA-1,4
GGGAGTAATGGCTGGC-1,2
GGGAGTTAATGAGGCG-1,6
GGGATACGGTAATAAT-1,3
GGGATATTGATCGCCA-1,10
GGGATCCCAATACAAA-1,0
GGGATGGACCCGCGTC-1,11
GGGATGGTCGTAACCG-1,5
GGGATTTACCGCACCT-1,8
GGGCAACCGCACGTGC-1,7
GGGCACGAATTGGCCG-1,4
GGGCACGTAGTACTGT-1,10
GGGCAGACGTCACTGC-1,5
GGGCAGAGCAATCGTT-1,5
GGGCAGGATTTCTGTG-1,11
GGGCAGTCAACGCCAA-1,1
GGGCCATTCGTGCTGG-1,11
GGGCCCGTCTTAAACA-1,5
GGGCCCTACGAAAGGG-1,3
GGGCCCTTATCTATAC-1,3
GGGCCGGCCGAAGTAC-1,9
GGGCCTAAATGGGCTA-1,7
GGGCCTATACAACCGG-1,0
GGGCCTATTTAAGTAT-1,0
GGGCGAATTTCTCCAC-1,2
GGGCGATATGTGTGAA-1,4
GGGCGATCCATAGGCC-1,11
GGGCGCAGCGTTACTC-1,6
GGGCGGCAAATGAATT-1,5
GGGCGGGTTCCCTACG-1,5
GGGCGGTCCTATTGTC-1,2
GGGCGTACATTTATAT-1,2
GGGCGTCACCACGTAA-1,5
GGGCGTCCACTGGCTC-1,0
GGGCGTGGTTTCCCAG-1,1
GGGCGTTTACATTCAT-1,10
GGGCTACTATTTCGTG-1,7
GGGCTATGATCGATGG-1,5
GGGCTCATCGAACCCA-1,6
GGGCTGCCTAGGGCGA-1,6
GGGCTGGTTAGTCGCG-1,4
GGGTACCCACGGTCCT-1,4
GGGTACTTCATGAACT-1,3
GGGTATGTATGCACTT-1,3
GGGTATTCTAGCAAAC-1,7
GGGTCACCGTGACGGT-1,4
GGGTCACGTGCTTATG-1,0
GGGTCACTGAGTAGTG-1,0
GGGTCAGGAGCTAGAT-1,10
GGGTCATGCGTACCAT-1,4
GGGTCCTTGGAAGAAG-1,11
GGGTCGTGGCAAGTGT-1,0
GGGTCTATCGCTTTCC-1,1
GGGTGACACCTTAACT-1,5
GGGTGCATATGAAAGC-1,6
GGGTGGTCCAGCCTGT-1,0
GGGTGTTTCAGCTATG-1,6
GGGTTAACATTTGAGT-1,5
GGGTTCAGACGAACAA-1,3
GGGTTTAGGATAGGAT-1,4
GGTAAACTCTGCGCTG-1,1
GGTAAATGTGCGTTAC-1,0
GGTAACCGGGAGGATA-1,1
GGTAACTATGTATCTG-1,2
GGTACAAACATGCTAT-1,5
GGTACACCAGATTTAT-1,0
GGTACATCTGGGACGA-1,3
GGTACCATTAAGACGG-1,6
GGTACGTTGCGGCCGG-1,1
GGTACTAAGTGCTTTG-1,8
GGTAGAAGACCGCCTG-1,1
GGTAGACCGTTGGGCG-1,5
GGTAGTGCTCGCACCA-1,6
GGTATAGTGACACATA-1,6
GGTATGAAAGAACTGA-1,3
GGTATTGCCGAGTTTA-1,4
GGTCAAGACTACTTCG-1,9
GGTCACGTTAGATTCA-1,2
GGTCAGTGGGTCCCAC-1,5
GGTCATTGTAGTCATA-1,0
GGTCCACGTCTATTTG-1,10
GGTCCCATAACATAGA-1,0
GGTCGGATAAACGGCG-1,0
GGTCGGCCAGGAGCTT-1,6
GGTCGGTAATTAGACA-1,2
GGTCGGTCGTCCACAG-1,5
GGTCGTAAGCTCGCAC-1,7
GGTCTCCAAGTAGTGC-1,8
GGTCTCCGTCCAGGTT-1,1
GGTCTCTGAATGGACT-1,7
GGTCTGAGAATCTGGA-1,3
GGTCTTGAGCGCTCTT-1,1
GGTGAAACCGGGAATG-1,0
GGTGAACGGGCTAGCC-1,2
GGTGAAGTACAGGGAT-1,5
GGTGACTGATAGAGAG-1,1
GGTGAGATGCAGATAA-1,6
GGTGATAAGGAGCAGT-1,6
GGTGATGAAGGAAGTG-1,4
GGTGATTTCATCTTGT-1,2
GGTGCAGAGCCTATCG-1,0
GGTGCATAAATGATTA-1,10
GGTGCGGATAAGTGGC-1,2
GGTGCTGATCACAAAG-1,3
GGTGCTGGTACACATT-1,5
GGTGGACCACGTGTTA-1,0
GGTGGACTGCTCTGGC-1,9
GGTGGAGGTTGATACG-1,8
GGTGGGATTAGGTCCC-1,1
GGTGTAAATCGATTGT-1,1
GGTGTAGGTAAGTAAA-1,10
GGTGTTCTGTTTCTAC-1,0
GGTGTTGGGCGTCTTA-1,8
GGTTACCACCCTCGGG-1,11
GGTTACCCGACACTTT-1,6
GGTTAGCTATATGTCT-1,9
GGTTAGGCTTGGAGAA-1,3
GGTTAGGGATGCTAAT-1,10
GGTTAGTTACGGCGCC-1,3
GGTTCCACCCGCTTCT-1,0
GGTTCCCTAGTGTCTC-1,0
GGTTCGATGCTGAGTT-1,0
GGTTCGGATTATACTA-1,3
GGTTCTACTCGTCTGA-1,4
GGTTGTGCTCTTGTCC-1,3
GGTTGTGTAGCCTGGC-1,3
GGTTTAATTACCATCG-1,10
GGTTTAATTGAGCAGG-1,6
GGTTTACAATCTCAAT-1,2
GGTTTAGCCTTTCTTG-1,4
GGTTTCAATCGGTCAG-1,6
GGTTTGACAAGAAGCT-1,0
GGTTTGAGTGCTGGAA-1,2
GGTTTGCGAACACGTA-1,0
GGTTTGTGACCTGAGG-1,1
GTAACAACTGACCTTG-1,0
GTAACATCAGCTCATC-1,0
GTAACATCTAAGATAA-1,9
GTAACTACGTAGACCT-1,10
GTAACTGCCCAAGGAG-1,10
GTAACTTGCGGCAGTC-1,2
GTAAGCGGGCAGTCAG-1,2
GTAAGGATTTGTCGGA-1,0
GTAAGTAACAGTCTGG-1,8
GTAAGTAGGGTATACC-1,3
GTAAGTCCACACTCTA-1,8
GTAATAAAGGGCTCCC-1,3
GTAATCTGATTCTTCG-1,5
GTACACTTACCTGAAG-1,6
GTACGACGGCGCTGCG-1,2
GTACGAGATTGCGACA-1,2
GTACGCTTCATTGCAC-1,9
GTACGTCACGTATTAA-1,0
GTACGTTTGCCCGTCA-1,7
GTACTAAGATTTGGAG-1,4
GTACTCCCTTATCGCT-1,3
GTACTCCTGGGTATGC-1,2
GTACTGAGGTCGTAAC-1,2
GTACTGCATGAAGCGT-1,2
GTACTGGAGTTAGACC-1,6
GTACTTGGGCACTTCT-1,3
GTAGAAACGGGTGGAG-1,3
GTAGACAACCGATGAA-1,0
GTAGACACGCCTGACT-1,1
GTAGACGTCGTTACAT-1,2
GTAGAGGGAGACAAGT-1,5
GTAGCCAAACATGGGA-1,7
GTAGCGCTGTTGTAGT-1,2
GTAGCGGCTATACACT-1,3
GTAGCTAGTAAGCGCG-1,2
GTAGCTCCGGGAGGCT-1,10
GTAGCTTCCTCTTGTT-1,6
GTAGGTGATCCGTGTA-1,3
GTAGTCGCGGGAATCA-1,9
GTAGTCTACGATATTG-1,1
GTAGTGAGCAACCTCA-1,1
GTAGTTAGACAATATA-1,0
GTAGTTCGAAGGCGAA-1,10
GTAGTTTAAGCACACG-1,10
GTATAATCTCCCGGAT-1,2
GTATAGGACTCAGTAG-1,2
GTATAGTGGCCCATGT-1,2
GTATCAAACGTTAGCT-1,9
GTATCAGCTTGGGTTC-1,4
GTATCCTTTGGTAACC-1,1
GTATCTCAGTCTTGAC-1,11
GTATCTCGGGCGCTTT-1,10
GTATCTTTCATAACCA-1,7
GTATGAAATTTCACTC-1,7
GTATGTGGGTCTAGTT-1,9
GTATTAAGGCGTCTAA-1,3
GTATTAGGGTTCGCGT-1,0
GTATTCTGAGAAACGA-1,5
GTATTTAATGGCATAA-1,8
GTCAAAGAAGTGGTGT-1,11
GTCAAAGTTTACATAG-1,2
GTCAACCAGGCCTATA-1,1
GTCAAGCGGACTCGGG-1,8
GTCAATGCTATAATTT-1,0
GTCAATTGTACTGAAG-1,2
GTCACAAAGTTTCCAA-1,2
GTCACCTGTCTATGTC-1,0
GTCACTCATGAGCGAT-1,11
GTCACTCTCCAAATCT-1,3
GTCAGAATAGTCTATG-1,4
GTCAGTTGTGCTCGTT-1,0
GTCAGTTTGGTAGTCG-1,3
GTCATCCCAAACTCAC-1,10
GTCATCTCCTACAGCT-1,3
GTCATGCACCTCCGTT-1,4
GTCATGCGCGAGGGCT-1,1
GTCATGGACATGACTA-1,2
GTCATTAGAGCGAACG-1,9
GTCATTGCATTGACCC-1,3
GTCCAATATTTAGCCT-1,10
GTCCACGTCGCATTCG-1,1
GTCCAGGCACGTGTGC-1,10
GTCCATTACTGCTACG-1,4
GTCCCAACGTAAAGTA-1,6
GTCCCAATCATCCCGC-1,5
GTCCCGCGACGTTATG-1,9
GTCCGAGAGCAATCAT-1,3
GTCCGGACCTGAAATT-1,9
GTCCGGCTGAATTGCG-1,3
GTCCGGGTTCACATTA-1,1
GTCCTACAGGCGGCTC-1,4
GTCCTACGAATAGTCT-1,9
GTCCTACTCTACGGGC-1,7
GTCCTAGGATACCTTA-1,11
GTCCTATTGTTGTGGT-1,4
GTCCTTCTACAACCCA-1,3
GTCCTTCTAGTGGGTT-1,2
GTCCTTTAATGACTTC-1,0
GTCGAATTTGGGCGCT-1,10
GTCGATAGGTGACTTT-1,8
GTCGCCGTTGTGTGTT-1,5
GTCGCGTAACCCGTTG-1,8
GTCGGAAGGATACCAG-1,0
GTCGGATATCTCAGAC-1,3
GTCGGATGTAGCGCGC-1,3
GTCGGGAACATGGTAG-1,5
GTCGGGAAGCAGAAAC-1,1
GTCGGGTGAAGTACCG-1,1
GTCGTACCATCTCGGG-1,7
GTCGTACCTACGATTG-1,4
GTCGTATTGGCGTACA-1,0
GTCGTCAATTATAAGG-1,2
GTCGTCTGGTTGGCTA-1,6
GTCGTGTCTGGTCATC-1,6
GTCGTTATTCGCTTAT-1,9
GTCTAAGATGCCCAGC-1,0
GTCTACTCAATTACAA-1,4
GTCTAGTGAGCCGCTT-1,1
GTCTATCTGAGTTTCT-1,3
GTCTATTGCATGCTCG-1,1
GTCTCAAGGCCCGGCT-1,1
GTCTCCCGAGTCCCGT-1,1
GTCTCCTGCCAGTATG-1,7
GTCTCGACTAAGTTTG-1,2
GTCTCGATCTGCTTTC-1,6
GTCTCGCCAACACGCC-1,0
GTCTGCCGACTCGACG-1,1
GTCTGGGCGGTCGAGA-1,7
GTCTTACCACGCCAAG-1,1
GTCTTAGTACAGCCGG-1,0
GTCTTCCTCACCTAAG-1,4
GTCTTGAGGAGCAGTG-1,4
GTCTTGTAGCTATTCA-1,4
GTGAAACGGCGCCACC-1,6
GTGAAACGTGCTCCAC-1,2
GTGAACTCCCATTCGA-1,6
GTGAAGATTTCAAGTG-1,0
GTGAAGCCGTATAGTC-1,0
GTGAAGTCACGACTCG-1,7
GTGACAGCTTCCCACT-1,1
GTGACCGCACACTACG-1,8
GTGACCTAAAGAATAA-1,2
GTGACGAGGGTGACCC-1,6
GTGACGCAGGTTTCAT-1,1
GTGACTTCAGTAGTGC-1,5
GTGAGATAACCTTATA-1,10
GTGAGCGTGCTGCACT-1,4
GTGAGGACACTTAAGG-1,8
GTGAGGAGCGGTTGAG-1,0
GTGAGTCGACTAATAG-1,1
GTGAGTCTAAGACGGA-1,3
GTGAGTGGTACAACGC-1,5
GTGATCAAGCGTGCAC-1,1
GTGATCACTAACGCCT-1,9
GTGATCATAGATCTGC-1,5
GTGATCCTTGTCATGA-1,1
GTGATGCACAACATCT-1,2
GTGATTCGCCGCTCAA-1,5
GTGCAACAAATGTGGC-1,2
GTGCACCAGCTTCAAC-1,10
GTGCACGAAAGTGACT-1,0
GTGCAGCGTAGAGTAG-1,8
GTGCCAAACGTTTCGA-1,10
GTGCCATCACACGGTG-1,3
GTGCCCGTTCGGATTC-1,9
GTGCCGCTTCAAAGGT-1,3
GTGCCTAGCTATGCTT-1,3
GTGCCTCAGTGTACGG-1,0
GTGCCTGAGACCAAAC-1,1
GTGCGAAATCGAACAC-1,7
GTGCGACAGGGAGTGT-1,4
GTGCGGGACCATCGGC-1,6
GTGCGGGTCTCCAAAT-1,2
GTGCGTGTATATGAGC-1,8
GTGCTCAAGTACTGTC-1,4
GTGCTGCAGATAAGGA-1,2
GTGCTTACATCAGCGC-1,8
GTGGAACCTACATGCG-1,0
GTGGACCAACCCGATT-1,5
GTGGACGCATTTGTCC-1,1
GTGGACGTGCTGAGAC-1,2
GTGGAGCATGTCGGCC-1,8
GTGGAGCGTTTACCGA-1,5
GTGGAGTCGGCGGTTG-1,7
GTGGCAAACAGCGGCA-1,7
GTGGCCGGTTTCTCGG-1,11
GTGGCCTAATATCATT-1,4
GTGGCGGGCCGTAGCT-1,0
GTGGCGGTCCCAGCGT-1,3
GTGGCGTGCACCAGAG-1,2
GTGGCTGTTTCTGTTC-1,1
GTGGGAACAAACCGGG-1,10
GTGGGAAGACTGAATC-1,7
GTGGGCTTAGACACAC-1,3
GTGGGTACTGAGCGTA-1,7
GTGGTATAGTCTGCCG-1,5
GTGGTCAGCGAAGTAT-1,0
GTGGTGATGGTTTGTG-1,8
GTGGTGGCCAAGTGAA-1,9
GTGGTTACTTCTTTCG-1,3
GTGGTTTCCGCCTTTC-1,3
GTGTACCTTGGCTACG-1,2
GTGTACGAACCGTTCC-1,8
GTGTATATCAGCGGGC-1,1
GTGTATGACTTTAAAG-1,6
GTGTCAGTGTACGTGG-1,10
GTGTCCGATAAGGCAT-1,6
GTGTCGTATAGCGTTC-1,1
GTGTCGTATTCACCTT-1,0
GTGTGAATAACTTAGG-1,6
GTGTGTCGACGTCGCT-1,6
GTGTTACTATGCGTCC-1,9
GTTAAAGTAGGACTGG-1,9
GTTAACATCACTTAAA-1,1
GTTAACTATGTTGTCA-1,8
GTTAAGGGTGCGATGT-1,1
GTTAAGTTAGAGTGGG-1,8
GTTAATAGCGTCATTA-1,1
GTTAATGTCTATCTTA-1,3
GTTACAATTGGTGACG-1,3
GTTACCAAGGCGTACG-1,1
GTTACCTACAACTTGC-1,1
GTTACTTTGGGCCTAG-1,5
GTTAGAGTGTGCCGCT-1,0
GTTAGCCCATGACATC-1,1
GTTAGCCGTAAATCAA-1,6
GTTAGGCTACCCGTTT-1,7
GTTATATCAGGAGCCA-1,0
GTTATATTATCTCCCT-1,5
GTTATCAAGCTATCGA-1,1
GTTATCACCTTCTGAA-1,0
GTTATTAAATACGACC-1,0
GTTATTAACGTGGGAG-1,3
GTTCAAATCAGATGTC-1,4
GTTCAATCTATGTCAA-1,0
GTTCACAGGAGTCTAG-1,4
GTTCATCGTTTGGCTG-1,6
GTTCCAGTCTGACCAT-1,6
GTTCCCGTAAACATAT-1,1
GTTCCGTCCGCCTGCA-1,10
GTTCGACAATTGTATA-1,1
GTTCGCCATAAGTGCC-1,4
GTTCGGAGCACTCAAC-1,1
GTTCGGATCGGGAACA-1,4
GTTCGGGCGTACCATT-1,3
GTTCGTCTGGGTCCCT-1,0
GTTCTTCCCTCGATGT-1,6
GTTGAACCGGTTCCAT-1,3
GTTGAGTCCCGCCGGT-1,9
GTTGCACGGAGTTTCG-1,3
GTTGCAGTCGACAACA-1,1
GTTGCCCTAACGGGTG-1,1
GTTGCGCTAACATTAC-1,4
GTTGCGGACGGTCAGG-1,8
GTTGGACCGCATCAGG-1,0
GTTGGATTCAGTGGCT-1,0
GTTGGATTGAGAACAC-1,6
GTTGGATTTGCGTTGG-1,4
GTTGGTCATGCTATCC-1,1
GTTGTCGTGTTAGTTG-1,6
GTTGTTACATTGCGCT-1,0
GTTGTTGCAAGATGGC-1,1
GTTTACGTTCCATCTG-1,5
GTTTATGGGATTTAGA-1,3
GTTTCAAACGAGTTGT-1,1
GTTTCATATCGTCGCT-1,3
GTTTCCTGGAGGGTGA-1,3
GTTTCTAGAGGCGCGG-1,1
GTTTCTGCAGTCTCCC-1,9
GTTTCTTGTTAGAGCT-1,5
GTTTGACCAAATCCTA-1,4
GTTTGGCCCAAGTTAT-1,8
GTTTGGCCGCTCAGCG-1,2
GTTTGGCGTCAGGCAC-1,0
GTTTGGGCTTGTGAGC-1,1
GTTTGGGTTTCGCCCG-1,1
GTTTGGTAGGGTCAAC-1,7
GTTTGGTGATCGGTGC-1,10
GTTTGTTAGCCAAGTA-1,7
TAAACCCAGGAGGGCA-1,1
TAAACGTCGTCAATGA-1,3
TAAAGACAACCCTTTA-1,4
TAAAGAGCCCGAAACC-1,2
TAAAGCGGTATTTCCA-1,5
TAAAGCGTTAGGAGAA-1,6
TAAAGCTGCAATAGGG-1,0
TAAAGGAGAAACTAGT-1,0
TAAATCTTTACACCTC-1,2
TAAATGAATCCGTTTC-1,3
TAAATGCCGTCTCATG-1,0
TAAATGGGCTACTGAG-1,1
TAAATTTAGTAACACC-1,10
TAACAAAGGGAGAAGC-1,2
TAACAATATTTGTTGC-1,3
TAACAGCGTTTGTGCT-1,1
TAACATACAATGTGGG-1,9
TAACATACACGCGATC-1,7
TAACCGCCCGCAGTGC-1,2
TAACCTACCGTCCGAG-1,6
TAACCTAGGGAGTCCA-1,1
TAACGCTTTGAGAGCG-1,3
TAACTATCGAAGGTCC-1,3
TAACTATTACGCCAAA-1,6
TAACTCATCCGCGCGG-1,5
TAACTCCATGGAGGCT-1,3
TAACTGAAATACGCCT-1,7
TAAGAGGGACAGGGAC-1,5
TAAGCAGGCGACACGC-1,3
TAAGCCCTTACGACCA-1,0
TAAGCGCGAATCAAAT-1,7
TAAGGAACTTGTGGGA-1,6
TAAGGCAACATAAGAT-1,2
TAAGGCCCGTCACCCT-1,1
TAAGGCTGAATCCCTC-1,8
TAAGGGCCTGTCCGAT-1,9
TAAGGGCTGGGAGAGG-1,3
TAAGTAAATGTGCCGC-1,0
TAAGTAACATCTTGAC-1,5
TAAGTCGCCGAGTATC-1,5
TAAGTCGGTGAGCTAG-1,1
TAAGTGAATAGTCTAC-1,1
TAAGTTGCGACGTAGG-1,9
TAATAAACAAGGAGAT-1,0
TAATACACAGTAGTAT-1,0
TAATACTAGAACAGAC-1,10
TAATAGAACAGAGTTA-1,7
TAATAGCTAAATGATG-1,6
TAATAGGTCACCAGAA-1,5
TAATAGTGACGACCAG-1,2
TAATATTGAAATTCGC-1,2
TAATCAACCAAATGGG-1,8
TAATCAGGAATGCTGC-1,0
TAATCGATCCGTACGT-1,0
TAATGAAAGACCCTTG-1,3
TAATGTCGGTTCATGG-1,10
TAATTACGTCAGTAGA-1,1
TAATTAGATGGATATG-1,2
TAATTAGGACATCCGT-1,8
TAATTCCAATGCTTCA-1,1
TAATTGCGCTGATTAC-1,7
TAATTGGAATCGGGAA-1,0
TAATTTCCGTCCAGTA-1,7
TACAAATTGCGGAGGT-1,0
TACAACAGCGCATACA-1,1
TACAACGCACAACTCA-1,5
TACAAGGGCTTCTTTA-1,1
TACAAGTCTCGTGCAT-1,4
TACACCGTCGTTAGTC-1,0
TACACCTCTTCGAATC-1,1
TACATAGGCATACACC-1,4
TACATCCCTATCCCTG-1,7
TACATCTTGTTTCTTG-1,2
TACATGACCTTATCCG-1,3
TACATGCCGGAATTGT-1,8
TACATTTCTAACGTGC-1,5
TACCAAATAGCCCAGA-1,5
TACCAATAAAGTACCA-1,9
TACCAGAAGTAGGTTC-1,5
TACCAGCTAGGTTTAA-1,2
TACCAGGAATCCCGTC-1,10
TACCATGTATTGATTT-1,8
TACCCTCGGTAACCCT-1,1
TACCGAATAATTGTAA-1,1
TACCGCGGACTTGCAG-1,6
TACCGGCTCACTGCCC-1,7
TACCGGTCGTTTCCAT-1,1
TACCGTAGGTTAACTA-1,5
TACCGTGCCTCGGACC-1,7
TACCTACTCCCAGTAT-1,1
TACCTATCCCTAGAGG-1,7
TACCTCACGCTTGTAC-1,6
TACCTCCACACCAATG-1,10
TACCTCTTTACCATCC-1,1
TACCTGCTGCACTGTG-1,3
TACCTTAAGATTTCCC-1,5
TACGAACACGACTTCA-1,4
TACGACGCTTGCTGCG-1,5
TACGACTGCCTCTTAG-1,7
TACGAGAACTTCACGT-1,3
TACGATCCAAGCCACT-1,0
TACGATGTTGATCATC-1,4
TACGCCATATTCTAAT-1,5
TACGCCGAGGGTACCC-1,7
TACGCCGCCTCAGAAG-1,8
TACGCCTCCATTCCGA-1,1
TACGCTATAGAAACCT-1,6
TACGCTCGGTATTGGA-1,1
TACGCTGATAGTTGTA-1,10
TACGCTGCACGGTCGT-1,1
TACGCTGCTGTGTTAA-1,1
TACGGAAGCCAAACCA-1,1
TACGGCATGGACGCTA-1,1
TACGGGATGCTAGCAG-1,2
TACGGGTAATAACATA-1,1
TACGTAAAGCGGAGTG-1,1
TACGTACTAGTGCTGA-1,1
TACGTGCAAGGTTCCT-1,6
TACGTGCACTATGCTG-1,3
TACGTGGGCCCAGGGC-1,1
TACGTTTACCGGCAAT-1,4
TACTACGTGCAATGCG-1,1
TACTCATTGACGCATC-1,1
TACTCCTCTAGTTGAC-1,10
TACTCGGCACGCCGGG-1,3
TACTCGTTTGAATCAA-1,1
TACTCTCCGAACAAAT-1,6
TACTCTTACTTTACTG-1,1
TACTGAACAGATTTAG-1,5
TACTGCAATCAATTAC-1,6
TACTGGACAGCTCGGC-1,4
TACTGTTTCTCTGGTA-1,8
TACTTAAACATGTACA-1,1
TACTTGTTAGTAGTCC-1,9
TACTTTACTGAGCCGG-1,6
TACTTTCCGCACGCCA-1,5
TAGAAACACAATAGTG-1,2
TAGAAACCACTAAGTA-1,0
TAGAAAGGTGGCGCTA-1,3
TAGAAATTCACGTATA-1,4
TAGAAGAAGGGTTACA-1,1
TAGAATAGCCGATGAA-1,1
TAGAATTAAGGGCAAC-1,0
TAGACGAAACGCCAAT-1,1
TAGACGCCCGTACCGG-1,6
TAGACTACCTAGCGTT-1,4
TAGACTCAGTTGGCCT-1,7
TAGAGATCATGCAACT-1,3
TAGAGCTACGAAGAAC-1,2
TAGAGTCTAAGCGAAC-1,4
TAGATATGGACTGGAA-1,5
TAGATCCGAAGTCGCA-1,0
TAGATGGTTCCTTACT-1,1
TAGATTCAAAGTGCGG-1,10
TAGATTCCTGGTTATT-1,4
TAGATTCTCTAGCAAA-1,1
TAGCAACCTGTCACAA-1,4
TAGCAGATACTTAGGG-1,1
TAGCAGTAAATACGCG-1,0
TAGCAGTATGACTAAA-1,1
TAGCCATGATTGCCTA-1,10
TAGCCATTTCAAAGTC-1,8
TAGCCGGCGGTCAGCG-1,6
TAGCGTCCCTCGATTG-1,8
TAGCGTCCGGTGTGGT-1,7
TAGCGTCGAATATTGA-1,4
TAGCGTTGGGTCTTAC-1,9
TAGCTAAGTCCGGGAG-1,4
TAGCTAGAAGGCATGA-1,5
TAGCTCACTGTGTTTG-1,1
TAGCTCAGATCCTAGT-1,0
TAGCTCGCCTGATAAC-1,5
TAGCTGATGTGAAGCG-1,7
TAGGAACAGCCTCCAG-1,0
TAGGAGGCTCGAGAAC-1,1
TAGGCATGTTACGCCA-1,3
TAGGCCTATATAGTCT-1,1
TAGGCGATGAGGTCTC-1,7
TAGGCGGCTGCAAAGA-1,7
TAGGCTAAAGTGGCAC-1,1
TAGGGAGCTTGGGATG-1,4
TAGGGTGTTTCAAGAG-1,2
TAGGTCCAAGTAAGGA-1,3
TAGGTCGCCGGAACTG-1,3
TAGGTGACGATAACCT-1,1
TAGGTGAGCCCTACTC-1,4
TAGGTGCTCGCCTAGC-1,9
TAGGTGTTCCACAGAT-1,5
TAGGTTCGAGTTCGTC-1,6
TAGTACCACAACTTTC-1,7
TAGTACCTTAGTGGTC-1,3
TAGTCCCGGAGACCAC-1,10
TAGTCCGCAGAGAATG-1,5
TAGTCCGTATGCATAA-1,6
TAGTCCTGCACTAAGC-1,1
TAGTCGATCACGGGTT-1,9
TAGTCTAACAACGAGA-1,4
TAGTCTGCGGCACATT-1,10
TAGTCTGTGACGTTGC-1,6
TAGTCTTTCCGAATTG-1,8
TAGTGACAAGCTCTAC-1,1
TAGTGCCCTCCAGAGT-1,4
TAGTGGAACTCATACA-1,2
TAGTGTCAGAAACGGC-1,3
TAGTTAAGATAGGATA-1,2
TAGTTTATTCTTGCTT-1,2
TATAAATCCACAAGCT-1,2
TATAAGTGAGGATAGC-1,2
TATACACAGACGCCTT-1,5
TATACACGCAAAGTAT-1,4
TATACCGAGTGCCACA-1,8
TATACGCGTCATCACT-1,1
TATACTCATGCGGCAA-1,3
TATAGAGTCGCTTGAA-1,1
TATAGATGGTCGCAGT-1,4
TATAGCGCACGTTATC-1,9
TATAGGGTACTCATGA-1,3
TATAGTTAGGTGTACT-1,1
TATATAGGGCTTTACG-1,7
TATATATCGAGAAATG-1,1
TATATCAAAGTGATCT-1,10
TATATCATTGATCAGT-1,4
TATATCCCTGGGAGGA-1,4
TATATGCTGGGTTGCC-1,3
TATATTACAAATGTCG-1,0
TATATTCGCGTCGATA-1,0
TATCAAAGGTCTGTAA-1,4
TATCACAGCACGGGCA-1,0
TATCACCATGTAAAGT-1,0
TATCACCCAACCGACC-1,0
TATCACTTCGAGTAAC-1,2
TATCAGTGGCGTAGTC-1,7
TATCCATATCATGCGA-1,6
TATCCATCTCGGTTAG-1,11
TATCCTATCAACTGGT-1,1
TATCCTGCATGGGAAT-1,2
TATCGATCTATGCATA-1,2
TATCGATGATTAAACG-1,6
TATCTACAGAGGTAAT-1,3
TATCTACCACAGCGGG-1,5
TATCTAGCCTAAAGGA-1,3
TATCTGAGCCGATATT-1,11
TATCTTGCAATACAAC-1,11
TATGAAGAATTAAGGT-1,1
TATGAAGACAGGTGCG-1,3
TATGACCTTGCGCTGG-1,7
TATGATAAATCTAACG-1,0
TATGATCCGGCACGCC-1,0
TATGCTCCCTACTTAC-1,2
TATGGATGTGCTACGC-1,6
TATGGCCCGGCCTCGC-1,3
TATGGCTAGGCTAATT-1,0
TATGGGACCGAGCAGG-1,4
TATGGGTACGTATCGT-1,4
TATGGTCTGAGTAACA-1,4
TATGGTTAGTGGGAGA-1,4
TATGTAAAGTGCTTAA-1,10
TATGTCAAGACCGACT-1,0
TATGTCTCATTGTGCC-1,3
TATTAACACCAAAGCA-1,7
TATTAACCTGACCGCG-1,5
TATTACCATCCTGCTT-1,4
TATTATGTTTGCCTGC-1,11
TATTCAATTCTAATCC-1,6
TATTCCACTCAGCTCG-1,5
TATTCCGAGCTGTTAT-1,5
TATTCCGGCAGTCCTA-1,2
TATTCCTCCGCCCACT-1,5
TATTCGTGCCAGAATA-1,6
TATTGACATTTCTGCC-1,8
TATTGCCGGGCTTGTA-1,1
TATTTAGTCTAGATCG-1,2
TATTTATACCGAGTAG-1,0
TATTTGATTTGCACAG-1,8
TATTTGTTACCCTTTA-1,3
TCAAACAACCGCGTCG-1,2
TCAAACAATTAGGACA-1,0
TCAAACTTAGATTGTT-1,4
TCAAAGAGCTATCTGT-1,7
TCAAAGTCACGGCGTC-1,10
TCAAATTATGTTCGAC-1,1
TCAAATTGTTGTGCCG-1,10
TCAAATTTGAGACTCA-1,1
TCAACAAAGATAATTC-1,7
TCAACACATTGGGTAA-1,2
TCAACATAGCGCCCTA-1,5
TCAACATCGACCGAGA-1,7
TCAACCATGTTCGGGC-1,4
TCAACGAGGAGACAAA-1,5
TCAACGCAGGAAATAA-1,5
TCAACGCGACCGGCAG-1,3
TCAACTAACGTATAAC-1,3
TCAACTGCAGAGTCAG-1,9
TCAAGAAATACTAGCT-1,6
TCAAGCGCGGACGGTA-1,1
TCAAGCTGCCTTGAAA-1,6
TCAAGGTTACTACACC-1,8
TCAATACAATTGCTGC-1,4
TCAATACGCCGTCATG-1,1
TCAATATACAGGAGGC-1,1
TCAATCCCGCGCCAAA-1,1
TCAATCCGGGAAGTTT-1,1
TCACAAACCGAGGTAC-1,1
TCACAGCAAACTCGAA-1,5
TCACAGGAGAATAAGA-1,7
TCACAGGGAATCGCAA-1,9
TCACAGGTTATTGGGC-1,4
TCACATCTTATCTGAT-1,3
TCACCCTCTTAAGATT-1,5
TCACCGCTCGGCACTC-1,6
TCACGATGTCCGTGGA-1,7
TCACGATTAATACGTT-1,1
TCACGCATTGTAGATC-1,3
TCACGGCCCAAGAGAG-1,5
TCACGGTCATCGCACA-1,2
TCACGTGCCCGATTCA-1,4
TCACTACGACCAATGC-1,0
TCACTATCCCTTCGGT-1,1
TCACTCGTGCAACGGC-1,0
TCACTCTTCGTCTGTC-1,2
TCAGAACCTCCACAGG-1,3
TCAGACGCTATAGAAG-1,7
TCAGAGCATGTCAACG-1,10
TCAGAGTGTGAGCATG-1,1
TCAGATGGAGACGTAG-1,0
TCAGCAAATGCATCTC-1,6
TCAGCAGTAGGCCCTG-1,1
TCAGCCAATCCGTAAA-1,1
TCAGGGCGACTTCCTT-1,4
TCAGGGCGCAAACTCG-1,4
TCAGGGTGCACGAAAC-1,2
TCAGGGTGTAACGTAA-1,2
TCAGGTTCTTTGAGAA-1,3
TCAGTACTGACCCGCG-1,3
TCAGTAGGGACTATAA-1,5
TCAGTGTATACGTCAT-1,5
TCAGTTACGGAATGAT-1,0
TCATAAGTCCAAGAAG-1,1
TCATACTTACAGATCC-1,4
TCATATGAGCTTTGTT-1,1
TCATCACTCGAGCTCG-1,3
TCATCCATCTGATCAC-1,1
TCATCCCAGAGGGTGG-1,2
TCATCCTCAGCTGCTT-1,1
TCATCGACGACCGTCG-1,1
TCATCGATGGTCCCAA-1,7
TCATGAAGCGCTGCAT-1,1
TCATGCAGGTTCTCAT-1,6
TCATGGAGGCCTTTGT-1,1
TCATTCGTATAATTTG-1,0
TCATTTAAGTCTCCGA-1,4
TCCAACTCAGCTATCT-1,1
TCCAACTTTAAATTCT-1,3
TCCAAGCCTAGACACA-1,1
TCCACAATGGTTTACG-1,3
TCCACATCGTATATTG-1,1
TCCACCAAGACATAGG-1,1
TCCACTTTATCTAGGT-1,6
TCCAGAGCACCGGTTC-1,9
TCCAGATGTACGCCAA-1,2
TCCAGCGCTATAAGCG-1,8
TCCAGGCGAGTACGGT-1,4
TCCAGGGTATATACGA-1,10
TCCATCAATACTAATC-1,7
TCCATTCCCACTAGAG-1,0
TCCATTGTGACCTCGT-1,2
TCCCAAACAGACAACG-1,0
TCCCAAACATCCTCTA-1,10
TCCCAAAGACGAAGGA-1,2
TCCCAAAGCCCTAAAT-1,4
TCCCACGGAGGGAGCT-1,2
TCCCACTCTCTTCCGG-1,3
TCCCAGCACACGACAT-1,8
TCCCAGCTTTAGTCTG-1,4
TCCCAGGCTTAGCTAA-1,4
TCCCGCCTATGTGCGT-1,2
TCCCGCGTACTCCTGG-1,2
TCCCGGGTGTGCTGCT-1,4
TCCCGGTCAGGAATTT-1,2
TCCCGTCAGTCCCGCA-1,2
TCCCGTCGCGTCATAG-1,6
TCCCGTGTGCAATTTG-1,9
TCCCTAGATCAATAGG-1,6
TCCCTCTTCTCAAGGG-1,1
TCCCTGGCGTATTAAC-1,5
TCCCTGGCTCGCTGGA-1,4
TCCCTTAGATTACTCG-1,6
TCCCTTGTCTGAAACT-1,1
TCCGAACGTTGCCGCT-1,8
TCCGAACTTGGCTTAC-1,3
TCCGAAGTAGTCACCA-1,0
TCCGAATGGTCCTGAG-1,6
TCCGACCGCTAATCAA-1,10
TCCGAGAAGGCTAAGC-1,2
TCCGATAATTGCCATA-1,6
TCCGATGACTGAGCTC-1,3
TCCGATGGTGCGACAT-1,2
TCCGATTACATTGCCG-1,3
TCCGCCTGTCTACAAG-1,11
TCCGCGGCAGCATCTG-1,6
TCCGCGGCCCAATGAA-1,9
TCCGCTGGGTCGATCG-1,11
TCCGCTGTCATCCCGG-1,9
TCCGCTTATCCCATTA-1,5
TCCGGAGGAAGGGCTG-1,0
TCCGGCCTAGCGTACA-1,6
TCCGGCCTGCATCGAT-1,0
TCCGGCTGTCGGGTCG-1,1
TCCGGGCTTGACGGGA-1,1
TCCGGTTCGTCCGGTC-1,7
TCCGTAACCACAATCC-1,3
TCCGTTTAGCCTTGAA-1,6
TCCTAAAGATTCAGAC-1,1
TCCTAAATTGGGAAGC-1,1
TCCTACATCCACGGCC-1,9
TCCTAGCAAAGAAGCT-1,3
TCCTATCATAGGTAAC-1,8
TCCTCCTAAGACATTC-1,7
TCCTCGGGCTGGGCTT-1,8
TCCTCTACGAGATGGC-1,3
TCCTCTCCAGTTGTCC-1,3
TCCTCTGGCCCATTAG-1,0
TCCTGCCAACTGGAGA-1,0
TCCTGCGTTGATACTC-1,3
TCCTGGCGCTGCCTGG-1,2
TCCTTACGACGGTCCG-1,9
TCCTTCAATCCCTACG-1,7
TCCTTCAGTGGTCGAA-1,0
TCCTTGTCCTTTAATT-1,1
TCCTTTAAATCCGCTT-1,9
TCCTTTCTTACGCTTA-1,4
TCGAAATTTAGGACCA-1,4
TCGAAGAACCGAGCAC-1,8
TCGAATATCCCGCAGG-1,7
TCGACAACTGAACCCG-1,5
TCGACATAGCGTAGCG-1,1
TCGACTGACGATGGCT-1,1
TCGAGACCAACACCGT-1,4
TCGAGCCAGGCAGGCC-1,5
TCGAGGGCAACAGACG-1,8
TCGATAGGCTAGTCGC-1,2
TCGATGTTACGGCCGT-1,1
TCGCAAAGATGCATTT-1,9
TCGCATAAAGGGCGCA-1,1
TCGCATCCCTAAGTGT-1,2
TCGCATTCAATGACTT-1,2
TCGCCACCCGGATTAC-1,1
TCGCCCAACTGACTCC-1,2
TCGCCCACTGCGAGAG-1,3
TCGCCGAAGTTGCGTC-1,5
TCGCCGACATATTCGC-1,1
TCGCCGCACCGCGTGA-1,7
TCGCCGGATGGGCAAG-1,4
TCGCCGGTCGATCCGT-1,0
TCGCGCGTTTACATGA-1,11
TCGCGTAGCAGTGTCC-1,9
TCGCGTCCAGAAGGTC-1,4
TCGCTAAACCGCTATC-1,2
TCGCTACTGGCTTTGA-1,1
TCGCTCGATATATTCC-1,4
TCGCTCGGCACCAGCG-1,0
TCGCTGCCAATGCTGT-1,1
TCGCTGGGCGGATTGT-1,2
TCGCTGTGCGTAAATC-1,2
TCGCTTAATTACGAAG-1,0
TCGCTTTAAACGTTTG-1,6
TCGGAATGACCATCAA-1,0
TCGGAATGCGCTCTGA-1,4
TCGGACGCCCAGCCCA-1,6
TCGGAGAGTATCGGGA-1,7
TCGGAGTACATGAGTA-1,6
TCGGAGTCCTGGTTGC-1,5
TCGGATCTGGATGACC-1,11
TCGGCAGGGTTAAGGG-1,1
TCGGCGAACCCAAACC-1,8
TCGGCGGTATTAGATT-1,3
TCGGCGTACTGCACAA-1,7
TCGGCTAACTTCCCTT-1,0
TCGGCTTGTATCGACG-1,9
TCGGGAACGTGCCTAG-1,6
TCGGGAGACAGCGTAC-1,1
TCGGGATTCAAACATA-1,3
TCGGGCCGTCGTGGTA-1,8
TCGGGTGAAACTGCTA-1,2
TCGGTCCCGACAATAG-1,11
TCGGTCCCTGACTCCA-1,0
TCGGTGACCGCTCCGG-1,0
TCGGTTAGCCATGTAG-1,0
TCGTAACTCCCAAGAC-1,1
TCGTAAGACGACATTG-1,2
TCGTAAGCTCCGAGGA-1,0
TCGTACCGACGTCAAG-1,1
TCGTATAGTGCAATTA-1,2
TCGTATCACCAAGCTA-1,0
TCGTATTACCCATTGC-1,3
TCGTATTTCGTCCGGA-1,0
TCGTCAAGTACGCGCA-1,5
TCGTCACACTGTTAGC-1,3
TCGTCCGCTGGCGTCT-1,2
TCGTCCGGGTACACTC-1,0
TCGTCTTAGGCGTTAA-1,9
TCGTGTACTATGGATG-1,1
TCGTGTATTGGTCACG-1,1
TCGTGTCACGCTGACA-1,6
TCGTGTTCGACCACAA-1,1
TCGTTAGGAGTCCCTA-1,5
TCGTTCGTTATTATGT-1,2
TCGTTGACAGGGTCCC-1,4
TCGTTGCTATCCGGTC-1,7
TCGTTGGCTCGTCAAT-1,2
TCGTTTACGCGACCCT-1,1
TCTAAAGAACAGTCTC-1,7
TCTAACCTAGCCTGCG-1,1
TCTAACTGTATGTAAA-1,3
TCTAATACTGCCTCAG-1,7
TCTACACGTTCATGCA-1,6
TCTACCCAATAGAGAG-1,9
TCTACCCGCATCATTT-1,1
TCTACCGTCCACAAGC-1,2
TCTACGCACGATCTCC-1,10
TCTACGGGCTCAGTTG-1,0
TCTAGCAATCTCCGCC-1,5
TCTAGCATCTTCGATG-1,2
TCTAGCATGCCCAGAA-1,5
TCTAGGTGGCGACGCT-1,6
TCTAGTGATATCGTGG-1,8
TCTAGTTATCAGAAGA-1,4
TCTATAGGTGGGTAAT-1,1
TCTATCATGCAGTTAC-1,4
TCTATCCGATTGCACA-1,1
TCTATCGGTCGCAACA-1,2
TCTATGCTATAACGAC-1,1
TCTATTACGCTGGCGA-1,4
TCTATTACTAGAGGAT-1,5
TCTCAAATCAATCGGG-1,1
TCTCAGGCTACTCGCT-1,1
TCTCATGAGATAGGGT-1,9
TCTCCAACGTAGGTTA-1,2
TCTCCACAAGTTGAAT-1,1
TCTCGAACGAGGTCAC-1,0
TCTCGACGTATCGCCG-1,8
TCTCGAGGAGGTTCGC-1,8
TCTCGGCTCCAGGACT-1,2
TCTCGTGTTACGAGGA-1,9
TCTCTAATAGCTGGTA-1,6
TCTCTCGCCGCACATA-1,9
TCTCTTACCGCGAACC-1,10
TCTGAACCGGTCGGCT-1,4
TCTGAACTCGTACCCG-1,9
TCTGAAGCACGTGGTC-1,5
TCTGAATTCCGTACAA-1,6
TCTGACGGGCTAACCC-1,0
TCTGAGCAATTGACTG-1,9
TCTGATCGGGTGCTAG-1,6
TCTGATTGGAAATGGA-1,8
TCTGCACCATTAGTAA-1,0
TCTGCAGATTCGAGTC-1,4
TCTGCATACCTTGCTT-1,1
TCTGCCAGAAACTGCA-1,8
TCTGCGAATCGTTCGC-1,0
TCTGCGTCCGGTTTCT-1,4
TCTGCTTAGAACAAGC-1,8
TCTGGAGCGTAAGAGT-1,8
TCTGGCCGTTCAAGTT-1,8
TCTGGCGCAAGCCGGG-1,3
TCTGGGAACCTTTGAA-1,8
TCTGGGTAGCGCTCAT-1,4
TCTGTCATACAAGAGC-1,2
TCTGTGATGGAGGTTG-1,0
TCTGTGCCATCATAGT-1,6
TCTGTTACCCAGCATA-1,5
TCTGTTTAGATTGTTC-1,1
TCTTAACTCGGATGTA-1,2
TCTTACAGAGGTACCG-1,6
TCTTACCGGAACTCGT-1,0
TCTTACGGCATCCGAC-1,3
TCTTACTTATGCCTCT-1,9
TCTTAGAGCTCCAATT-1,4
TCTTAGAGTGAACTCT-1,8
TCTTCCCATGGGCACA-1,6
TCTTCGAATAGACGTT-1,9
TCTTCGATACCAATAA-1,3
TCTTCGCGGTGAGAGG-1,1
TCTTCTATAACCCGCC-1,8
TCTTGATGCGTAGCGA-1,3
TCTTGCTCCCGATACT-1,1
TCTTGGTAACACCAAA-1,2
TCTTGGTCAATGATAC-1,1
TCTTTAAGACTATGAA-1,4
TCTTTAGAGTCTAACA-1,8
TCTTTAGCAGGCGAAC-1,6
TCTTTCATCCGTCCTT-1,11
TCTTTCCTTCGAGATA-1,1
TCTTTCTCTTAAGGAG-1,2
TGAAACTTATGCAAGC-1,0
TGAAAGGACCTGACTC-1,6
TGAACAAGCAGGGACT-1,10
TGAACCTGAATGTGAG-1,10
TGAACTGCTATGACTT-1,7
TGAAGAGCGGTCCTAG-1,4
TGAAGTAGCTTACGGA-1,2
TGAATACCGACGCGTA-1,1
TGAATATGCTATAAAC-1,0
TGAATGAGATACAGCA-1,0
TGAATGAGTGTTTCCC-1,10
TGAATGTCAGCCGGCC-1,8
TGAATTTCACTTGCCT-1,9
TGACAACGCATGTCGC-1,8
TGACAACTTAAAGGTG-1,1
TGACACTTCTCTTTGC-1,0
TGACAGAAATCTTGCT-1,7
TGACAGGACAAGTCCA-1,7
TGACATATATGACGAT-1,3
TGACATCGAGCGGACC-1,4
TGACATGTAACGTGAC-1,1
TGACCAAATCTTAAAC-1,1
TGACCAGCTTCAAAGT-1,2
TGACCCACGTTAGACA-1,4
TGACCCAGCATTCCCG-1,0
TGACGAATATTTCCCT-1,4
TGACGATGCACTAGAA-1,4
TGACTATAATCCTTTC-1,7
TGACTCCGAATCATAC-1,11
TGACTCTAACTGGTAA-1,1
TGAGAATGCTTTACCG-1,6
TGAGACGTACCTCTCA-1,7
TGAGAGATTTACCACG-1,8
TGAGATCAAATACTCA-1,0
TGAGATTAGGCCCTAA-1,0
TGAGCCATACAGTCTC-1,5
TGAGCGGAAAGTGTTC-1,1
TGAGCTCAACTGTATA-1,1
TGAGCTTTAATGACGC-1,0
TGAGGTGTGTGGCGGA-1,10
TGAGTAAATTAGCGTA-1,1
TGAGTGCCTCTTAAAT-1,5
TGAGTGGTCCGTGACG-1,6
TGAGTGTAACAACGGG-1,1
TGAGTTAAAGACATTC-1,8
TGATACATTTAGCCGT-1,5
TGATAGCGGGATTCTA-1,3
TGATCACCACACTGAC-1,10
TGATCAGGGAACTGCT-1,4
TGATCCCAGCATTAGT-1,0
TGATCGGTTTGACCCT-1,3
TGATCTACGCTGATCT-1,0
TGATCTATCACACTCT-1,1
TGATCTCCGGCGCCAG-1,4
TGATGCTCACGTAGTC-1,2
TGATGGCTGTTTCTGA-1,2
TGATGTCAATTAAGTG-1,1
TGATTATGGCACGCAG-1,0
TGATTCAGGTCCCGCG-1,9
TGATTCCCGGTTACCT-1,10
TGATTCGTCTATCACT-1,3
TGATTCTGTCGCCGGT-1,5
TGATTTATTAGCTGTG-1,3
TGATTTCCTCCTGACG-1,6
TGCAACTACTGGTTGA-1,10
TGCAAGAATGACGTAA-1,4
TGCAATCTAACACGGT-1,1
TGCAATTTGGGCACGG-1,0
TGCACAGTGAAGTTAT-1,0
TGCACGAGTCGGCAGC-1,2
TGCACTATGTGAGTGC-1,3
TGCAGAACTATATCGT-1,4
TGCAGAGTACCGAGCA-1,3
TGCAGATCGTCCTAGG-1,7
TGCAGCTACGTACTTC-1,7
TGCAGGATCGGCAAAG-1,2
TGCAGTGAGGCTCGGG-1,0
TGCAGTGGTAGGGAAC-1,5
TGCAGTTTCCTCCCAT-1,9
TGCATATGTCTGTCAC-1,6
TGCATCTCCGGATCTT-1,0
TGCATGGATCGGATCT-1,2
TGCATGGCAGTCTTGC-1,0
TGCATGTGACCCATAG-1,10
TGCATGTGGTAATCTA-1,3
TGCCAAAGTCAGACTT-1,3
TGCCAATGGGTACTCT-1,5
TGCCACACTAGAGGAA-1,9
TGCCACCTGGCGAAAC-1,2
TGCCAGTACGTGGAGA-1,1
TGCCATGGCTTATAAG-1,2
TGCCATTACTAAAGAA-1,0
TGCCCGATAGTTAGAA-1,10
TGCCCGTACCGTTAAA-1,9
TGCCGAAAGCGTATTC-1,6
TGCCGGATGTACGAGC-1,7
TGCCGTGGATCGTCCT-1,1
TGCCTAAATTTAATAG-1,8
TGCCTAATTGAAGATT-1,9
TGCCTGACATCGGTCA-1,3
TGCCTGATCAAACGAT-1,2
TGCCTTGGCCAGGCAA-1,9
TGCGAATATGGGATTT-1,7
TGCGACACCCTAGTGC-1,5
TGCGACGGCCGAACGT-1,7
TGCGAGAATATTACCC-1,5
TGCGAGATGGCGGCCA-1,0
TGCGAGCCCTTCCGCG-1,0
TGCGATGCTAATGGCT-1,4
TGCGCAAAGCATTTGG-1,4
TGCGCCGTTAATAACG-1,8
TGCGCGATTAACGGAG-1,3
TGCGGACTTGACTCCG-1,10
TGCGGAGTAAAGGTGC-1,2
TGCGGCATAGTTCAAC-1,2
TGCGGGTATTGGGATC-1,2
TGCGGTCTACGAGTAA-1,0
TGCGGTGAAATTTCAT-1,2
TGCGTAAGAACCTGAT-1,3
TGCGTACGGCTAATTG-1,1
TGCGTCATGACTGAGC-1,7
TGCGTGATTGGGTGTC-1,6
TGCGTTTGTTGACACT-1,8
TGCTATACAAACGGAC-1,0
TGCTATGGCAAAGGGA-1,10
TGCTCAAAGGATGCAC-1,1
TGCTCACACAACAACC-1,0
TGCTCCACAGTTCTTA-1,8
TGCTCGGCGAAACCCA-1,1
TGCTCGGTGGGTCACC-1,1
TGCTCTGCCGGTTCAC-1,0
TGCTCTTGAGAGTTTG-1,1
TGCTGCGTCAGAGTTA-1,0
TGCTGGTTGGACAATT-1,2
TGCTGTTGAAGAACTC-1,8
TGCTTAGAGAGAATGC-1,7
TGCTTCCCAAGCAGTA-1,10
TGGAACCACTGACACA-1,0
TGGAAGAAGGGAACGT-1,3
TGGAAGACGAACACCA-1,6
TGGAAGGATAAAGATG-1,3
TGGAATATCCTTGACC-1,0
TGGAATTAGACGCTTT-1,3
TGGACACCGTTGCTTG-1,3
TGGACCAATCTAAGAT-1,1
TGGACGCAATCCAGCC-1,7
TGGACTGTTCGCTCAA-1,9
TGGAGAATAATCGTCC-1,10
TGGAGCTAAAGTTCCC-1,6
TGGAGGGAAACACCTC-1,0
TGGAGTGATGCGATGA-1,3
TGGCAAACTAAATTAC-1,9
TGGCAACTCGCGCGCC-1,2
TGGCAAGCACAAGTCG-1,10
TGGCAATGGGACGGCG-1,9
TGGCACGAGCTCGAGT-1,0
TGGCAGATTACGATCA-1,5
TGGCAGCAGTAATAGT-1,4
TGGCATGAAGTTTGGG-1,5
TGGCCAAACTGAAGTA-1,6
TGGCCAATTTGGTACT-1,5
TGGCCGTATATTGACC-1,3
TGGCGACTGCTCCAAA-1,7
TGGCGATCAAGTTATG-1,5
TGGCGGTGTGCGATTG-1,0
TGGCTACACTCTACCT-1,1
TGGCTATGTGACATAC-1,1
TGGCTCTTGTCGCGTA-1,4
TGGCTTGTACAAGCTT-1,0
TGGCTTTGGGTAGACA-1,3
TGGGAAATGCCTTTCC-1,4
TGGGATGCACTCATTC-1,2
TGGGCAATAGTTGGGT-1,8
TGGGCACAAACAGAAC-1,2
TGGGCACGTTCTATGG-1,2
TGGGCAGGCCACCGCA-1,9
TGGGCCACAAGAGCGC-1,2
TGGGCCCATACTAATT-1,9
TGGGCGATACAATAAG-1,1
TGGGTAAGGTTCCCGC-1,0
TGGGTGCACAAGCCAT-1,1
TGGGTGGGATGTCATT-1,0
TGGGTGTAATAGATTT-1,10
TGGGTTCCCGGACGGA-1,3
TGGGTTTCGGGCGTAC-1,10
TGGTAAGCAGGATTGA-1,7
TGGTAGAATATATGGG-1,8
TGGTATCGCATCCCAA-1,2
TGGTATCGGTCTGTAT-1,0
TGGTCCCACGCTACGG-1,7
TGGTCGATATACCTCT-1,10
TGGTCGGGTACAGGGC-1,10
TGGTCGTGCAAGGCAA-1,9
TGGTCGTTTGATAGAT-1,0
TGGTCTAGCTTACATG-1,3
TGGTCTGTTGGGCGTA-1,3
TGGTGATCGTATTTGT-1,3
TGGTTAAGGGCGCTGG-1,2
TGGTTATGCTTGCGGT-1,4
TGGTTCAACGGGTAAT-1,7
TGGTTCGTAGCAAAGG-1,6
TGGTTGGAGGATCCTG-1,0
TGGTTTAAACGTGGGT-1,0
TGTAATGACCACAATA-1,4
TGTAATGCCTTCGGAC-1,0
TGTACCCGACCCTAAT-1,11
TGTACGAACAAATCCG-1,4
TGTACGCTATCAGCTT-1,0
TGTACTACTCTCACGG-1,0
TGTACTGTGCCAAAGT-1,6
TGTACTTCCGGGCATG-1,1
TGTAGCCAATTCCGTT-1,10
TGTAGCCATCCCATTC-1,8
TGTAGGAGAAATTTCC-1,6
TGTAGTGATCTATAAT-1,4
TGTATAACAGATCCTG-1,3
TGTATACGGATGATGA-1,0
TGTATCAGACTGAAGC-1,0
TGTATCCTTATTCCAT-1,2
TGTATGGCGCAGACAG-1,8
TGTATTTACCTAATGC-1,0
TGTCATTTGTTGGGAA-1,0
TGTCCACGGCTCAACT-1,1
TGTCCCGACATAGCAC-1,2
TGTCCGTGGCGCCTTT-1,3
TGTCCTAAGTCACCGC-1,4
TGTCGTTATCACATAT-1,11
TGTCTACAGTTTCTGT-1,2
TGTGACTACGCCAGTC-1,3
TGTGACTAGAGTTTGC-1,1
TGTGAGACTAGCCCAA-1,5
TGTGATTCCAGCGCTT-1,0
TGTGCCAGAGGCAAAG-1,7
TGTGCTTTACGTAAGA-1,3
TGTGGACTATCTACGT-1,8
TGTGGAGGAAGCTTAA-1,2
TGTGGCAAAGCGTATG-1,6
TGTGGCGGGCTTCTGG-1,1
TGTGGCTCCCACCAAC-1,8
TGTGGTAGGGTGCCTT-1,8
TGTGGTTGCTAAAGCT-1,10
TGTGTAGTAGCACGTG-1,1
TGTGTCGAAGTCGAGG-1,7
TGTGTCGCGAGTTGCA-1,3
TGTGTGACCATGAATC-1,5
TGTGTTCGTATCCAAG-1,3
TGTTAACAAAGTGACT-1,1
TGTTATTGTATGTGGC-1,9
TGTTCATAAATGTGCT-1,4
TGTTCCGCTTCCATGA-1,3
TGTTCCGGCCTGAGCT-1,1
TGTTCGTATTGCGGTG-1,5
TGTTCTCATACTATAG-1,1
TGTTCTCTACTCCCTA-1,0
TGTTCTTCCATTGACT-1,4
TGTTGATCACTGTTTA-1,0
TGTTGCCGTCGTCCCA-1,8
TGTTGTCAAGAAGTCT-1,2
TGTTTAATACTTCATC-1,6
TGTTTCGGTACTTCTC-1,2
TGTTTGAGATCGTCAG-1,8
TTAAACAGAGTCCCGC-1,2
TTAAACCGGTAGCGAC-1,0
TTAAACCTGGTTCCTT-1,3
TTAAACTCGAATTCAT-1,3
TTAAAGTAAGTCGCCA-1,1
TTAACACCTCGAACAT-1,4
TTAACCAACCCTCCCT-1,2
TTAACCCGAGGCGTGT-1,1
TTAACGAACAAGCAGT-1,0
TTAACGTCGCAAGACC-1,2
TTAACGTTAAAGCCTG-1,4
TTAACTCACGCGTGGA-1,3
TTAACTGATCGTTTGG-1,1
TTAACTTCAGGTAGGA-1,7
TTAAGACGAACGAACC-1,2
TTAAGATACCCAGAGA-1,10
TTAAGATAGGATTGAC-1,8
TTAAGCCGACAACTTC-1,0
TTAAGCGCCTGACCCA-1,3
TTAAGGATACGGAGGT-1,2
TTAAGGCCCGTACTTT-1,7
TTAAGTATTGTTATCC-1,1
TTAATCAGTACGTCAG-1,3
TTAATGCGAGGTAACT-1,2
TTAATGTAGACCAGGT-1,4
TTAATTGCTTTGGGTG-1,1
TTAATTTCAGACGCGG-1,0
TTACAACTACGCATCC-1,4
TTACACGATCTGCGAC-1,1
TTACAGACCTAAATGA-1,0
TTACATCGTGGCCTGG-1,4
TTACATGCCACAACTA-1,8
TTACCATTGATTACCC-1,4
TTACCCATTGCCGGGT-1,6
TTACCCTAACAGTCCT-1,4
TTACCGCCTTAGGGAA-1,2
TTACGGATGGTTCGAG-1,6
TTACGTAGCGCGTGCT-1,0
TTACGTATCTATGACA-1,1
TTACTAAAGGACTTTA-1,9
TTACTATCGGCTTCTC-1,3
TTACTCCGGCCGGGAA-1,6
TTACTCTGGTACGTAC-1,5
TTACTGGGATATTTCA-1,5
TTACTGTCTAGAGCTC-1,0
TTACTGTTTCTCTACG-1,2
TTAGAAGAACATGACT-1,7
TTAGACACGATCGTTG-1,0
TTAGACGAGTCACCTC-1,9
TTAGAGGGATATACAG-1,7
TTAGAGTATTGTCGAG-1,10
TTAGAGTTTAGAAGGA-1,9
TTAGATAGGTCGATAC-1,4
TTAGCAACATGGATGT-1,3
TTAGCATCCCTCACGT-1,5
TTAGCCATAGGGCTCG-1,10
TTAGCTAATACGATCT-1,0
TTAGCTCTGTAATCCG-1,3
TTAGCTGATTTGCCGT-1,4
TTAGGATGGGAGGGTA-1,8
TTAGGTCATAACCGAC-1,5
TTAGTAAACCTGCTCT-1,1
TTAGTAGGGCGGCGGG-1,4
TTAGTTATTCGTGGCA-1,9
TTAGTTCAAGTGTTCG-1,0
TTATAGATGCACATTA-1,2
TTATAGGTAATTGTCT-1,1
TTATAGTCCAAGGTGC-1,0
TTATATACGCTGTCAC-1,8
TTATATTTGGCAATCC-1,2
TTATCCAATCGAACTC-1,2
TTATCCGGGATCTATA-1,9
TTATCCTCAAGGAATA-1,7
TTATCGCCTGCGAAGC-1,3
TTATCTGACATTAGGA-1,9
TTATCTGTATCATAAC-1,2
TTATGAATGAAAGGGA-1,4
TTATGACAAACTGGAT-1,3
TTATGATCTTAACGAA-1,9
TTATGCGTCCCGGTCC-1,2
TTATGTTTGCGATAGA-1,3
TTATTAGAGCGTGTTC-1,7
TTATTAGGGAAGCATC-1,0
TTATTATCTGGAAGGC-1,8
TTATTTAGGTTCCTTA-1,1
TTCAAAGTCTCTAGCC-1,9
TTCAACGACCCGACCG-1,2
TTCAAGCCGAGCTGAG-1,2
TTCAATACTCTGAATC-1,9
TTCAATTAGCCATAAT-1,2
TTCACGAAAGGATCAC-1,5
TTCACGGTCGTCACGT-1,10
TTCACTCGAGCACCTA-1,10
TTCACTTCCTAGAACG-1,10
TTCAGCCCTGGTCCAC-1,9
TTCAGCTGGCGTGCCC-1,9
TTCAGGCGTCAAAGCC-1,7
TTCAGTTCAAGAGGAG-1,10
TTCAGTTTGTGGCAGC-1,4
TTCATAGGGTGTCCAT-1,2
TTCATGGCGCAACAGG-1,2
TTCCAATCAGAGCTAG-1,0
TTCCAATCTGGCTATC-1,5
TTCCACACAGATTTGA-1,5
TTCCACATTTCTCGTC-1,0
TTCCAGACGAGATTTA-1,4
TTCCATCATGCGGTGA-1,0
TTCCATCGACAGCGTG-1,1
TTCCCAAAGTACTGAT-1,1
TTCCCGACGCTTCACT-1,2
TTCCCGGCGCCAATAG-1,7
TTCCGCAGAGAAATAT-1,6
TTCCGCGTGAGGCGAT-1,1
TTCCGGCCTTGAGGCT-1,5
TTCCGGCTCGACTTCT-1,0
TTCCGGTATCTGTGTC-1,8
TTCCGGTTACCCACTT-1,9
TTCCTCGAGGGTGTCT-1,2
TTCCTCGGACTAACCA-1,9
TTCCTCTGCCCGAATA-1,3
TTCCTTTCTGTGTTGC-1,2
TTCGACAGAGCCCGTG-1,3
TTCGACGGGAAGGGCG-1,3
TTCGAGCCGGCGCTAC-1,0
TTCGCACTCGCGTGCT-1,3
TTCGCATCCGGAAGCA-1,2
TTCGCCGCTCGCGCTA-1,9
TTCGCTAGGAAGTTGT-1,8
TTCGCTATCTGACGTG-1,0
TTCGGACTGATGCCTT-1,6
TTCGGACTGGGCATGG-1,11
TTCGGCAACCCGCTGA-1,0
TTCGGCTAGAGATGGT-1,3
TTCGGGACTAATCGCG-1,9
TTCGGGCGCTAGTCTT-1,7
TTCGGGTTGCCACGGG-1,1
TTCGGTACTGTAGAGG-1,10
TTCGGTGGAGACGCCC-1,8
TTCGTAATCCCAGCGG-1,0
TTCGTACTCCAGAACG-1,3
TTCGTGGGCTGGAAGC-1,0
TTCGTTCAACGAAGTT-1,6
TTCTAACCGAAGCTTA-1,6
TTCTACCTCAATCGGT-1,1
TTCTACCTTTATGTTG-1,0
TTCTACTTGCGAGGGC-1,3
TTCTAGGCCAATTGTG-1,2
TTCTATGCCTTTCGCA-1,0
TTCTATTAAACGCAGC-1,10
TTCTCAATTGCTACAA-1,10
TTCTGACCGGGCTCAA-1,9
TTCTGCCGCGCCTAGA-1,7
TTCTGCGAGCGCCCTT-1,3
TTCTGCGGGTTAGCGG-1,8
TTCTGCTAGACTCCAA-1,6
TTCTGTTTCCTGTCGC-1,3
TTCTTAGTGAACGGTG-1,4
TTCTTAGTGGCTCAGA-1,2
TTCTTATCCGCTGGGT-1,8
TTCTTCCCTTTGATAT-1,2
TTCTTCGCAATAGAGC-1,0
TTCTTGAGCCGCGCTA-1,5
TTCTTGCTAGCATCTC-1,4
TTCTTGGACGATCTGC-1,5
TTCTTGGAGTAATGAG-1,6
TTCTTGTAACCTAATG-1,3
TTCTTGTGTCCATCAG-1,4
TTCTTTGGTCGCGACG-1,2
TTGAAACCCTCATTCC-1,1
TTGAAAGGTGTAAAGG-1,0
TTGAACGAATCCTTTG-1,3
TTGAAGAATTCCCAGG-1,4
TTGAAGGATGGGCGCC-1,5
TTGAATATGGACTTTC-1,6
TTGAATCGTTGTATAA-1,9
TTGAATTCACGTGAGG-1,4
TTGACAGGAGCTCCCG-1,8
TTGACATGAACGTGGA-1,5
TTGACCAGGAACAACT-1,1
TTGACCATGTTCTCCG-1,0
TTGACCGTGTTAATGA-1,5
TTGACGATTCAGCACG-1,0
TTGACGCTCCATGAGC-1,8
TTGACTACCATATGGT-1,3
TTGACTATTGTCCGGC-1,8
TTGAGAGTACTGCTAA-1,5
TTGAGCAGCCCACGGT-1,8
TTGAGCGCCACGTGAT-1,8
TTGAGGCATTTAACTC-1,0
TTGAGGGTCGAACGCG-1,0
TTGAGTCCCGCTGCTG-1,8
TTGATAGTCAATACAT-1,0
TTGATCTAACTTTGTC-1,4
TTGATGCCGCTCGTCG-1,10
TTGATGTGTAGTCCCG-1,3
TTGATTAGCTGTTTCT-1,5
TTGATTATGCAGATGA-1,4
TTGCAAGAAGACTCCT-1,1
TTGCACGGAGCAGCAC-1,2
TTGCAGGTCATGAAGT-1,0
TTGCATGCTGATCACG-1,4
TTGCCAAGCAGAACCC-1,4
TTGCCATAGCCCGCTC-1,7
TTGCCCTGATCACGGG-1,3
TTGCCGCAGACCTACA-1,11
TTGCCGCTTTCTAGTA-1,1
TTGCCGGTGATCCCTC-1,0
TTGCCTAATCCAAAGT-1,7
TTGCCTTCTCGCCGGG-1,10
TTGCGCTCTCTCGCTT-1,3
TTGCGCTTGATCAATA-1,1
TTGCGGCATCAGAAAG-1,5
TTGCGGCGACTCATGC-1,0
TTGCGTAGTTTGAGGA-1,4
TTGCGTCGGCCAACCG-1,5
TTGCGTGAACGCTTAG-1,0
TTGCGTGTGTAGGCAT-1,1
TTGCTCATAGTACGTG-1,1
TTGCTCCCATACCGGA-1,3
TTGCTGAAGGAACCAC-1,2
TTGCTGATCATGTTCG-1,4
TTGCTGCACCTATCCA-1,3
TTGCTGGCCGGGCTTC-1,0
TTGGAAGAATACAGTC-1,7
TTGGACATGTGGCTTA-1,4
TTGGACCATCTGGCAA-1,9
TTGGAGTCTCCCTTCT-1,2
TTGGATATCGTCTACG-1,5
TTGGATCGACTTCTGG-1,0
TTGGATTGGGTACCAC-1,6
TTGGCCATCTTGCGCT-1,3
TTGGCCTAGAATTTCG-1,0
TTGGCGATCCGAATAT-1,8
TTGGCTCAATATGTGT-1,1
TTGGCTCGCATGAGAC-1,3
TTGGGAAGACGAGCCG-1,1
TTGGGACACTGCCCGC-1,2
TTGGGACGTAAGAGTT-1,8
TTGGGCGGCGGTTGCC-1,3
TTGGGTTTATTCAGCG-1,0
TTGGTATGGCTTGTGT-1,6
TTGGTCACACTCGTAA-1,5
TTGGTGCGGTGTTGAA-1,0
TTGGTTCGCTCAAAGG-1,8
TTGGTTGCGGTGCGCG-1,7
TTGTAACTTCATAGCG-1,0
TTGTAAGGACCTAAGT-1,5
TTGTAAGGCCAGTTGG-1,6
TTGTAATCCGTACTCG-1,3
TTGTACACCTCGAACA-1,7
TTGTATCACACAGAAT-1,2
TTGTCACCGCGGTATC-1,7
TTGTCGTTCAGTTACC-1,2
TTGTGAGGCATGACGC-1,3
TTGTGATCTGTTCAGT-1,1
TTGTGCAGCCACGTCA-1,1
TTGTGGAGACAGCCGG-1,10
TTGTGGCCCTGACAGT-1,2
TTGTGGTAGGAGGGAT-1,5
TTGTGGTATAGGTATG-1,0
TTGTGGTGGTACTAAG-1,1
TTGTGTATGCCACCAA-1,1
TTGTGTTTCCCGAAAG-1,5
TTGTTAGCAAATTCGA-1,2
TTGTTCAGTGTGCTAC-1,2
TTGTTCTAGATACGCT-1,3
TTGTTGGCAATGACTG-1,1
TTGTTGTGTGTCAAGA-1,6
TTGTTTCACATCCAGG-1,5
TTGTTTCATTAGTCTA-1,7
TTGTTTCCATACAACT-1,7
TTGTTTGTGTAAATTC-1,6
